{
  "m_GameObject": {
    "m_FileID": 0,
    "m_PathID": 0
  },
  "m_Enabled": 1,
  "m_Script": {
    "m_FileID": 0,
    "m_PathID": -3939490112071904993
  },
  "m_Name": "BackstageTalkSet147",
  "backstageTalkSetId": 147,
  "snippets": [
    {
      "talkId": 1,
      "characterIds": [
        25
      ],
      "voiceId": "TalkSet147-1",
      "talkText": "上原さん……この前は……\n楽しかったです……",
      "lipAnimation": "mouth_normal",
      "fontColorType": 0,
      "fontSizeType": 0,
      "balloonType": 0
    },
    {
      "talkId": 2,
      "characterIds": [
        8
      ],
      "voiceId": "TalkSet147-2",
      "talkText": "私も楽しかったです！",
      "lipAnimation": "mouth_normal",
      "fontColorType": 0,
      "fontSizeType": 0,
      "balloonType": 0
    },
    {
      "talkId": 3,
      "characterIds": [
        25
      ],
      "voiceId": "TalkSet147-3",
      "talkText": "……また……\n誘ってください……",
      "lipAnimation": "mouth_normal",
      "fontColorType": 0,
      "fontSizeType": 0,
      "balloonType": 0
    },
    {
      "talkId": 4,
      "characterIds": [
        8
      ],
      "voiceId": "TalkSet147-4",
      "talkText": "はい！　ぜひっ！！",
      "lipAnimation": "mouth_normal",
      "fontColorType": 0,
      "fontSizeType": 0,
      "balloonType": 0
    }
  ]
}