{
  "m_GameObject": {
    "m_FileID": 0,
    "m_PathID": 0
  },
  "m_Enabled": 1,
  "m_Script": {
    "m_FileID": 0,
    "m_PathID": -3939490112071904993
  },
  "m_Name": "BackstageTalkSet150",
  "backstageTalkSetId": 150,
  "snippets": [
    {
      "talkId": 1,
      "characterIds": [
        15
      ],
      "voiceId": "TalkSet150-1",
      "talkText": "ふー、疲れた……",
      "lipAnimation": "",
      "fontColorType": 0,
      "fontSizeType": 0,
      "balloonType": 0
    },
    {
      "talkId": 2,
      "characterIds": [
        9
      ],
      "voiceId": "TalkSet150-2",
      "talkText": "いつもお疲れさま！",
      "lipAnimation": "mouth_normal",
      "fontColorType": 0,
      "fontSizeType": 0,
      "balloonType": 0
    },
    {
      "talkId": 3,
      "characterIds": [
        15
      ],
      "voiceId": "TalkSet150-3",
      "talkText": "（普段は普通にいい人\nなんだけど……）",
      "lipAnimation": "",
      "fontColorType": 0,
      "fontSizeType": 0,
      "balloonType": 2
    }
  ]
}