{
  "m_GameObject": {
    "m_FileID": 0,
    "m_PathID": 0
  },
  "m_Enabled": 1,
  "m_Script": {
    "m_FileID": 0,
    "m_PathID": -3939490112071904993
  },
  "m_Name": "BackstageTalkSet149",
  "backstageTalkSetId": 149,
  "snippets": [
    {
      "talkId": 1,
      "characterIds": [
        9
      ],
      "voiceId": "TalkSet149-1",
      "talkText": "それでさ、香澄達と\nソイヤー！　って！",
      "lipAnimation": "mouth_normal",
      "fontColorType": 0,
      "fontSizeType": 0,
      "balloonType": 0
    },
    {
      "talkId": 2,
      "characterIds": [
        15
      ],
      "voiceId": "TalkSet149-2",
      "talkText": "へー、そうなんだ……",
      "lipAnimation": "mouth_normal",
      "fontColorType": 0,
      "fontSizeType": 0,
      "balloonType": 0
    },
    {
      "talkId": 3,
      "characterIds": [
        15
      ],
      "voiceId": "TalkSet149-3",
      "talkText": "（早くこっち側に\n帰っておいで……）",
      "lipAnimation": "",
      "fontColorType": 0,
      "fontSizeType": 0,
      "balloonType": 2
    }
  ]
}