{
  "m_GameObject": {
    "m_FileID": 0,
    "m_PathID": 0
  },
  "m_Enabled": 1,
  "m_Script": {
    "m_FileID": 0,
    "m_PathID": -3939490112071904993
  },
  "m_Name": "BackstageTalkSet148",
  "backstageTalkSetId": 148,
  "snippets": [
    {
      "talkId": 1,
      "characterIds": [
        8
      ],
      "voiceId": "TalkSet148-1",
      "talkText": "燐子さんに似合う服\n見つけちゃいました！",
      "lipAnimation": "mouth_normal",
      "fontColorType": 0,
      "fontSizeType": 0,
      "balloonType": 0
    },
    {
      "talkId": 2,
      "characterIds": [
        25
      ],
      "voiceId": "TalkSet148-2",
      "talkText": "わたしに……ですか？",
      "lipAnimation": "mouth_normal",
      "fontColorType": 0,
      "fontSizeType": 0,
      "balloonType": 0
    },
    {
      "talkId": 3,
      "characterIds": [
        8
      ],
      "voiceId": "TalkSet148-3",
      "talkText": "今度一緒に\n見に行きましょう！",
      "lipAnimation": "mouth_normal",
      "fontColorType": 0,
      "fontSizeType": 0,
      "balloonType": 0
    }
  ]
}