{
  "m_GameObject": {
    "m_FileID": 0,
    "m_PathID": 0
  },
  "m_Enabled": 1,
  "m_Script": {
    "m_FileID": 0,
    "m_PathID": -3939490112071904993
  },
  "m_Name": "BackstageTalkSet144",
  "backstageTalkSetId": 144,
  "snippets": [
    {
      "talkId": 1,
      "characterIds": [
        7
      ],
      "voiceId": "TalkSet144-1",
      "talkText": "ここに来るとき、\n猫がいましたよ～",
      "lipAnimation": "mouth_normal",
      "fontColorType": 0,
      "fontSizeType": 0,
      "balloonType": 0
    },
    {
      "talkId": 2,
      "characterIds": [
        21
      ],
      "voiceId": "TalkSet144-2",
      "talkText": "猫？　そうなのね",
      "lipAnimation": "mouth_normal",
      "fontColorType": 0,
      "fontSizeType": 0,
      "balloonType": 0
    },
    {
      "talkId": 3,
      "characterIds": [
        21
      ],
      "voiceId": "TalkSet144-3",
      "talkText": "…………",
      "lipAnimation": "",
      "fontColorType": 0,
      "fontSizeType": 0,
      "balloonType": 0
    },
    {
      "talkId": 4,
      "characterIds": [
        7
      ],
      "voiceId": "TalkSet144-4",
      "talkText": "どんな猫か気になります？",
      "lipAnimation": "mouth_normal",
      "fontColorType": 0,
      "fontSizeType": 0,
      "balloonType": 0
    }
  ]
}