{
  "m_GameObject": {
    "m_FileID": 0,
    "m_PathID": 0
  },
  "m_Enabled": 1,
  "m_Script": {
    "m_FileID": 0,
    "m_PathID": -3939490112071904993
  },
  "m_Name": "BackstageTalkSet2039",
  "backstageTalkSetId": 2039,
  "snippets": [
    {
      "talkId": 1,
      "characterIds": [
        33
      ],
      "voiceId": "TalkSet2039-1",
      "talkText": "なるほどな。\n結構いいソファ使ってるな",
      "lipAnimation": "mouth_normal",
      "fontColorType": 0,
      "fontSizeType": 0,
      "balloonType": 0
    },
    {
      "talkId": 2,
      "characterIds": [
        33
      ],
      "voiceId": "TalkSet2039-2",
      "talkText": "テーブルは～～……\nガラス製……っと",
      "lipAnimation": "mouth_normal",
      "fontColorType": 0,
      "fontSizeType": 0,
      "balloonType": 0
    },
    {
      "talkId": 3,
      "characterIds": [
        31
      ],
      "voiceId": "TalkSet2039-3",
      "talkText": "どう？　ライブハウスの\n視察は順調？",
      "lipAnimation": "mouth_normal",
      "fontColorType": 0,
      "fontSizeType": 0,
      "balloonType": 0
    },
    {
      "talkId": 4,
      "characterIds": [
        33
      ],
      "voiceId": "TalkSet2039-4",
      "talkText": "Galaxyにもこういう\n部屋、作ってもらうか！",
      "lipAnimation": "mouth_normal",
      "fontColorType": 0,
      "fontSizeType": 0,
      "balloonType": 0
    }
  ]
}