{
  "m_GameObject": {
    "m_FileID": 0,
    "m_PathID": 0
  },
  "m_Enabled": 1,
  "m_Script": {
    "m_FileID": 0,
    "m_PathID": -657477701292886207
  },
  "m_Name": "BackstageTalkSetTimeline2033",
  "m_Version": 0,
  "m_Tracks": [
    {
      "m_FileID": 0,
      "m_PathID": 1955307487766501764
    },
    {
      "m_FileID": 0,
      "m_PathID": -6697852862048809404
    },
    {
      "m_FileID": 0,
      "m_PathID": -4041998580707087502
    },
    {
      "m_FileID": 0,
      "m_PathID": 8901756756227178854
    },
    {
      "m_FileID": 0,
      "m_PathID": -8573027414854223899
    },
    {
      "m_FileID": 0,
      "m_PathID": 5409766780941153634
    },
    {
      "m_FileID": 0,
      "m_PathID": -3046376104605774924
    }
  ],
  "m_FixedDuration": 0.0,
  "m_EditorSettings": {
    "m_Framerate": 60.0,
    "m_ScenePreview": 1
  },
  "m_DurationMode": 0,
  "m_MarkerTrack": {
    "m_FileID": 0,
    "m_PathID": 0
  }
}