{
  "m_GameObject": {
    "m_FileID": 0,
    "m_PathID": 0
  },
  "m_Enabled": 1,
  "m_Script": {
    "m_FileID": 0,
    "m_PathID": -657477701292886207
  },
  "m_Name": "BackstageTalkSetTimeline2036",
  "m_Version": 0,
  "m_Tracks": [
    {
      "m_FileID": 0,
      "m_PathID": 4973664680275671288
    },
    {
      "m_FileID": 0,
      "m_PathID": -3396010251770892294
    },
    {
      "m_FileID": 0,
      "m_PathID": 602983323036332181
    },
    {
      "m_FileID": 0,
      "m_PathID": 892218689527802748
    },
    {
      "m_FileID": 0,
      "m_PathID": 5839058599805730299
    },
    {
      "m_FileID": 0,
      "m_PathID": 2736387715611312602
    },
    {
      "m_FileID": 0,
      "m_PathID": 4085398309484486129
    },
    {
      "m_FileID": 0,
      "m_PathID": 1947848944878191955
    }
  ],
  "m_FixedDuration": 0.0,
  "m_EditorSettings": {
    "m_Framerate": 60.0,
    "m_ScenePreview": 1
  },
  "m_DurationMode": 0,
  "m_MarkerTrack": {
    "m_FileID": 0,
    "m_PathID": 0
  }
}