{
  "m_GameObject": {
    "m_FileID": 0,
    "m_PathID": 0
  },
  "m_Enabled": 1,
  "m_Script": {
    "m_FileID": 0,
    "m_PathID": -657477701292886207
  },
  "m_Name": "BackstageTalkSetTimeline2035",
  "m_Version": 0,
  "m_Tracks": [
    {
      "m_FileID": 0,
      "m_PathID": 6900873033891444906
    },
    {
      "m_FileID": 0,
      "m_PathID": -2616166806477686088
    },
    {
      "m_FileID": 0,
      "m_PathID": -2673464496524800501
    },
    {
      "m_FileID": 0,
      "m_PathID": -8373664759963891127
    },
    {
      "m_FileID": 0,
      "m_PathID": -5548875953461491286
    },
    {
      "m_FileID": 0,
      "m_PathID": -6684118331043155650
    },
    {
      "m_FileID": 0,
      "m_PathID": 3388981293371011798
    }
  ],
  "m_FixedDuration": 0.0,
  "m_EditorSettings": {
    "m_Framerate": 60.0,
    "m_ScenePreview": 1
  },
  "m_DurationMode": 0,
  "m_MarkerTrack": {
    "m_FileID": 0,
    "m_PathID": 0
  }
}