{
  "m_GameObject": {
    "m_FileID": 0,
    "m_PathID": 0
  },
  "m_Enabled": 1,
  "m_Script": {
    "m_FileID": 0,
    "m_PathID": -3939490112071904993
  },
  "m_Name": "BackstageTalkSet2040",
  "backstageTalkSetId": 2040,
  "snippets": [
    {
      "talkId": 1,
      "characterIds": [
        34
      ],
      "voiceId": "TalkSet2040-1",
      "talkText": "CiRCLEの機材は\nいかがでしたか！？",
      "lipAnimation": "mouth_normal",
      "fontColorType": 0,
      "fontSizeType": 0,
      "balloonType": 0
    },
    {
      "talkId": 2,
      "characterIds": [
        35
      ],
      "voiceId": "TalkSet2040-2",
      "talkText": "なかなかいい機材が\n揃ってたわ",
      "lipAnimation": "mouth_normal",
      "fontColorType": 0,
      "fontSizeType": 0,
      "balloonType": 0
    },
    {
      "talkId": 3,
      "characterIds": [
        35
      ],
      "voiceId": "TalkSet2040-3",
      "talkText": "あれくらい揃っていれば、\nRASのライブもできる",
      "lipAnimation": "mouth_normal",
      "fontColorType": 0,
      "fontSizeType": 0,
      "balloonType": 0
    },
    {
      "talkId": 4,
      "characterIds": [
        34
      ],
      "voiceId": "TalkSet2040-4",
      "talkText": "いつかやりましょ～！\nパレオ楽しみです～♪",
      "lipAnimation": "mouth_normal",
      "fontColorType": 0,
      "fontSizeType": 0,
      "balloonType": 0
    }
  ]
}