{
  "m_GameObject": {
    "m_FileID": 0,
    "m_PathID": 0
  },
  "m_Enabled": 1,
  "m_Script": {
    "m_FileID": 0,
    "m_PathID": -657477701292886207
  },
  "m_Name": "BackstageTalkSetTimeline2037",
  "m_Version": 0,
  "m_Tracks": [
    {
      "m_FileID": 0,
      "m_PathID": -2952844449207994835
    },
    {
      "m_FileID": 0,
      "m_PathID": 4847367339282398217
    },
    {
      "m_FileID": 0,
      "m_PathID": -860442241229684917
    },
    {
      "m_FileID": 0,
      "m_PathID": 3543454902519761377
    },
    {
      "m_FileID": 0,
      "m_PathID": -846316881675066515
    },
    {
      "m_FileID": 0,
      "m_PathID": 6339517336469622204
    },
    {
      "m_FileID": 0,
      "m_PathID": 1475294164964977744
    }
  ],
  "m_FixedDuration": 0.0,
  "m_EditorSettings": {
    "m_Framerate": 60.0,
    "m_ScenePreview": 1
  },
  "m_DurationMode": 0,
  "m_MarkerTrack": {
    "m_FileID": 0,
    "m_PathID": 0
  }
}