{
  "m_GameObject": {
    "m_FileID": 0,
    "m_PathID": 0
  },
  "m_Enabled": 1,
  "m_Script": {
    "m_FileID": 0,
    "m_PathID": -657477701292886207
  },
  "m_Name": "BackstageTalkSetTimeline2032",
  "m_Version": 0,
  "m_Tracks": [
    {
      "m_FileID": 0,
      "m_PathID": -3480719549854938637
    },
    {
      "m_FileID": 0,
      "m_PathID": -2676919781563482147
    },
    {
      "m_FileID": 0,
      "m_PathID": 400911392082873348
    },
    {
      "m_FileID": 0,
      "m_PathID": 1622114465634165574
    },
    {
      "m_FileID": 0,
      "m_PathID": -8360796408720300813
    }
  ],
  "m_FixedDuration": 0.0,
  "m_EditorSettings": {
    "m_Framerate": 60.0,
    "m_ScenePreview": 1
  },
  "m_DurationMode": 0,
  "m_MarkerTrack": {
    "m_FileID": 0,
    "m_PathID": 0
  }
}