{
  "m_GameObject": {
    "m_FileID": 0,
    "m_PathID": 0
  },
  "m_Enabled": 1,
  "m_Script": {
    "m_FileID": 0,
    "m_PathID": -3939490112071904993
  },
  "m_Name": "BackstageTalkSet2034",
  "backstageTalkSetId": 2034,
  "snippets": [
    {
      "talkId": 1,
      "characterIds": [
        26
      ],
      "voiceId": "TalkSet2034-1",
      "talkText": "今日の練習は、\n結構よかった気がするな",
      "lipAnimation": "mouth_normal",
      "fontColorType": 0,
      "fontSizeType": 0,
      "balloonType": 0
    },
    {
      "talkId": 2,
      "characterIds": [
        27
      ],
      "voiceId": "TalkSet2034-2",
      "talkText": "おっ、シロがそういうこと\n言うの珍しくない？",
      "lipAnimation": "mouth_normal",
      "fontColorType": 0,
      "fontSizeType": 0,
      "balloonType": 0
    },
    {
      "talkId": 3,
      "characterIds": [
        28
      ],
      "voiceId": "TalkSet2034-3",
      "talkText": "でも確かに初めの頃より、\nずっと良くなったよね",
      "lipAnimation": "mouth_normal",
      "fontColorType": 0,
      "fontSizeType": 0,
      "balloonType": 0
    },
    {
      "talkId": 4,
      "characterIds": [
        29
      ],
      "voiceId": "TalkSet2034-4",
      "talkText": "るいさんはどう思う？",
      "lipAnimation": "mouth_normal",
      "fontColorType": 0,
      "fontSizeType": 0,
      "balloonType": 0
    },
    {
      "talkId": 5,
      "characterIds": [
        30
      ],
      "voiceId": "TalkSet2034-5",
      "talkText": "まだまだ何もかも未熟だわ\n……けれど",
      "lipAnimation": "mouth_normal",
      "fontColorType": 0,
      "fontSizeType": 0,
      "balloonType": 0
    },
    {
      "talkId": 6,
      "characterIds": [
        30
      ],
      "voiceId": "TalkSet2034-6",
      "talkText": "初めて聴いた時より、\n向上したのは確かね",
      "lipAnimation": "mouth_normal",
      "fontColorType": 0,
      "fontSizeType": 0,
      "balloonType": 0
    },
    {
      "talkId": 7,
      "characterIds": [
        27
      ],
      "voiceId": "TalkSet2034-7",
      "talkText": "ルイがそういうこと\n言うのも珍しい！",
      "lipAnimation": "mouth_normal",
      "fontColorType": 0,
      "fontSizeType": 0,
      "balloonType": 0
    },
    {
      "talkId": 8,
      "characterIds": [
        26
      ],
      "voiceId": "TalkSet2034-8",
      "talkText": "うん、みんなでもっと練習\n頑張ろうね……！",
      "lipAnimation": "mouth_normal",
      "fontColorType": 0,
      "fontSizeType": 0,
      "balloonType": 0
    }
  ]
}