{
  "m_GameObject": {
    "m_FileID": 0,
    "m_PathID": 0
  },
  "m_Enabled": 1,
  "m_Script": {
    "m_FileID": 0,
    "m_PathID": -657477701292886207
  },
  "m_Name": "BackstageTalkSetTimeline2034",
  "m_Version": 0,
  "m_Tracks": [
    {
      "m_FileID": 0,
      "m_PathID": -2421858888716708127
    },
    {
      "m_FileID": 0,
      "m_PathID": 1209124649210869795
    },
    {
      "m_FileID": 0,
      "m_PathID": -8173460947532537733
    },
    {
      "m_FileID": 0,
      "m_PathID": 2786188339650879150
    },
    {
      "m_FileID": 0,
      "m_PathID": -6408311698941142201
    },
    {
      "m_FileID": 0,
      "m_PathID": 7267141279832918522
    },
    {
      "m_FileID": 0,
      "m_PathID": -4463826183094146609
    }
  ],
  "m_FixedDuration": 0.0,
  "m_EditorSettings": {
    "m_Framerate": 60.0,
    "m_ScenePreview": 1
  },
  "m_DurationMode": 0,
  "m_MarkerTrack": {
    "m_FileID": 0,
    "m_PathID": 0
  }
}