{
  "m_GameObject": {
    "m_FileID": 0,
    "m_PathID": 0
  },
  "m_Enabled": 1,
  "m_Script": {
    "m_FileID": 0,
    "m_PathID": -657477701292886207
  },
  "m_Name": "BackstageTalkSetTimeline2031",
  "m_Version": 0,
  "m_Tracks": [
    {
      "m_FileID": 0,
      "m_PathID": 4035250738646579325
    },
    {
      "m_FileID": 0,
      "m_PathID": -7800419151120767046
    },
    {
      "m_FileID": 0,
      "m_PathID": 6183189819205044950
    },
    {
      "m_FileID": 0,
      "m_PathID": 3763965537726861506
    },
    {
      "m_FileID": 0,
      "m_PathID": 2598735045983476490
    }
  ],
  "m_FixedDuration": 0.0,
  "m_EditorSettings": {
    "m_Framerate": 60.0,
    "m_ScenePreview": 1
  },
  "m_DurationMode": 0,
  "m_MarkerTrack": {
    "m_FileID": 0,
    "m_PathID": 0
  }
}