{
  "m_GameObject": {
    "m_FileID": 0,
    "m_PathID": 0
  },
  "m_Enabled": 1,
  "m_Script": {
    "m_FileID": 0,
    "m_PathID": -3939490112071904993
  },
  "m_Name": "BackstageTalkSet2031",
  "backstageTalkSetId": 2031,
  "snippets": [
    {
      "talkId": 1,
      "characterIds": [
        27
      ],
      "voiceId": "TalkSet2031-1",
      "talkText": "ねーシロ、明日の\n待ち合わせだけどさー",
      "lipAnimation": "mouth_normal",
      "fontColorType": 0,
      "fontSizeType": 0,
      "balloonType": 0
    },
    {
      "talkId": 2,
      "characterIds": [
        26
      ],
      "voiceId": "TalkSet2031-2",
      "talkText": "…………",
      "lipAnimation": "mouth_normal",
      "fontColorType": 0,
      "fontSizeType": 0,
      "balloonType": 0
    },
    {
      "talkId": 3,
      "characterIds": [
        27
      ],
      "voiceId": "TalkSet2031-3",
      "talkText": "シロ？\nおーい、無視すんなしー！",
      "lipAnimation": "mouth_normal",
      "fontColorType": 0,
      "fontSizeType": 0,
      "balloonType": 0
    },
    {
      "talkId": 4,
      "characterIds": [
        28
      ],
      "voiceId": "TalkSet2031-4",
      "talkText": "今は聞こえてないかも",
      "lipAnimation": "mouth_normal",
      "fontColorType": 0,
      "fontSizeType": 0,
      "balloonType": 0
    },
    {
      "talkId": 5,
      "characterIds": [
        28
      ],
      "voiceId": "TalkSet2031-5",
      "talkText": "新しい歌詞が\n思いつきそうなんだって",
      "lipAnimation": "mouth_normal",
      "fontColorType": 0,
      "fontSizeType": 0,
      "balloonType": 0
    },
    {
      "talkId": 6,
      "characterIds": [
        27
      ],
      "voiceId": "TalkSet2031-6",
      "talkText": "なるほどね。\nそれなら仕方ないか",
      "lipAnimation": "mouth_normal",
      "fontColorType": 0,
      "fontSizeType": 0,
      "balloonType": 0
    }
  ]
}