{
  "m_GameObject": {
    "m_FileID": 0,
    "m_PathID": 0
  },
  "m_Enabled": 1,
  "m_Script": {
    "m_FileID": 0,
    "m_PathID": -3939490112071904993
  },
  "m_Name": "BackstageTalkSet2038",
  "backstageTalkSetId": 2038,
  "snippets": [
    {
      "talkId": 1,
      "characterIds": [
        32
      ],
      "voiceId": "TalkSet2038-1",
      "talkText": "田舎から送ってきたんで、\nどうぞ！　五平餅です！",
      "lipAnimation": "mouth_normal",
      "fontColorType": 0,
      "fontSizeType": 0,
      "balloonType": 0
    },
    {
      "talkId": 2,
      "characterIds": [
        1
      ],
      "voiceId": "TalkSet2038-2",
      "talkText": "わ！　美味しそー！",
      "lipAnimation": "mouth_normal",
      "fontColorType": 0,
      "fontSizeType": 0,
      "balloonType": 0
    },
    {
      "talkId": 3,
      "characterIds": [
        32
      ],
      "voiceId": "TalkSet2038-3",
      "talkText": "お世話になっている人に\n渡しなさいって",
      "lipAnimation": "mouth_normal",
      "fontColorType": 0,
      "fontSizeType": 0,
      "balloonType": 0
    },
    {
      "talkId": 4,
      "characterIds": [
        1
      ],
      "voiceId": "TalkSet2038-4",
      "talkText": "それで私に！？\nロック、ありがとーー！",
      "lipAnimation": "mouth_normal",
      "fontColorType": 0,
      "fontSizeType": 0,
      "balloonType": 0
    }
  ]
}