{
  "m_GameObject": {
    "m_FileID": 0,
    "m_PathID": 0
  },
  "m_Enabled": 1,
  "m_Script": {
    "m_FileID": 0,
    "m_PathID": -3939490112071904993
  },
  "m_Name": "BackstageTalkSet163",
  "backstageTalkSetId": 163,
  "snippets": [
    {
      "talkId": 1,
      "characterIds": [
        20
      ],
      "voiceId": "TalkSet163-1",
      "talkText": "ふう、今日もいい汗を\nかきました！",
      "lipAnimation": "mouth_normal",
      "fontColorType": 0,
      "fontSizeType": 0,
      "balloonType": 0
    },
    {
      "talkId": 2,
      "characterIds": [
        25
      ],
      "voiceId": "TalkSet163-2",
      "talkText": "若宮さん……今日は、\n剣道部ですか……？",
      "lipAnimation": "mouth_normal",
      "fontColorType": 0,
      "fontSizeType": 0,
      "balloonType": 0
    },
    {
      "talkId": 3,
      "characterIds": [
        20
      ],
      "voiceId": "TalkSet163-3",
      "talkText": "いえ、華道部です！",
      "lipAnimation": "mouth_normal",
      "fontColorType": 0,
      "fontSizeType": 0,
      "balloonType": 0
    },
    {
      "talkId": 4,
      "characterIds": [
        25
      ],
      "voiceId": "TalkSet163-4",
      "talkText": "華道部って……\nそんなに激しいんですか？",
      "lipAnimation": "mouth_normal",
      "fontColorType": 0,
      "fontSizeType": 0,
      "balloonType": 0
    }
  ]
}