{
  "m_GameObject": {
    "m_FileID": 0,
    "m_PathID": 0
  },
  "m_Enabled": 1,
  "m_Script": {
    "m_FileID": 0,
    "m_PathID": -657477701292886207
  },
  "m_Name": "BackstageTalkSetTimeline170",
  "m_Version": 0,
  "m_Tracks": [
    {
      "m_FileID": 0,
      "m_PathID": 5253688567324125996
    },
    {
      "m_FileID": 0,
      "m_PathID": -6116494074214786623
    },
    {
      "m_FileID": 0,
      "m_PathID": 2499771720974736127
    },
    {
      "m_FileID": 0,
      "m_PathID": -6704236849662760537
    },
    {
      "m_FileID": 0,
      "m_PathID": -3148008257834192561
    },
    {
      "m_FileID": 0,
      "m_PathID": -6227412109631407808
    },
    {
      "m_FileID": 0,
      "m_PathID": -5513686184367918697
    }
  ],
  "m_FixedDuration": 0.0,
  "m_EditorSettings": {
    "m_Framerate": 60.0,
    "m_ScenePreview": 1
  },
  "m_DurationMode": 0,
  "m_MarkerTrack": {
    "m_FileID": 0,
    "m_PathID": 0
  }
}