{
  "m_GameObject": {
    "m_FileID": 0,
    "m_PathID": 0
  },
  "m_Enabled": 1,
  "m_Script": {
    "m_FileID": 0,
    "m_PathID": -3939490112071904993
  },
  "m_Name": "BackstageTalkSet169",
  "backstageTalkSetId": 169,
  "snippets": [
    {
      "talkId": 1,
      "characterIds": [
        24
      ],
      "voiceId": "TalkSet169-1",
      "talkText": "闇の力が……こう……\nバーンとして、そこで……",
      "lipAnimation": "mouth_normal",
      "fontColorType": 0,
      "fontSizeType": 0,
      "balloonType": 0
    },
    {
      "talkId": 2,
      "characterIds": [
        13
      ],
      "voiceId": "TalkSet169-2",
      "talkText": "あこちん、何してるのー？",
      "lipAnimation": "mouth_normal",
      "fontColorType": 0,
      "fontSizeType": 0,
      "balloonType": 0
    },
    {
      "talkId": 3,
      "characterIds": [
        24
      ],
      "voiceId": "TalkSet169-3",
      "talkText": "ライブのイメトレ！",
      "lipAnimation": "mouth_normal",
      "fontColorType": 0,
      "fontSizeType": 0,
      "balloonType": 0
    }
  ]
}