{
  "m_GameObject": {
    "m_FileID": 0,
    "m_PathID": 0
  },
  "m_Enabled": 1,
  "m_Script": {
    "m_FileID": 0,
    "m_PathID": -3939490112071904993
  },
  "m_Name": "BackstageTalkSet166",
  "backstageTalkSetId": 166,
  "snippets": [
    {
      "talkId": 1,
      "characterIds": [
        25
      ],
      "voiceId": "TalkSet166-1",
      "talkText": "（今日は……帰ったら……\nあこちゃんとゲーム……）",
      "lipAnimation": "",
      "fontColorType": 0,
      "fontSizeType": 0,
      "balloonType": 2
    },
    {
      "talkId": 2,
      "characterIds": [
        11
      ],
      "voiceId": "TalkSet166-2",
      "talkText": "あら？　燐子！\nとっても楽しそうね！",
      "lipAnimation": "mouth_normal",
      "fontColorType": 0,
      "fontSizeType": 0,
      "balloonType": 0
    },
    {
      "talkId": 3,
      "characterIds": [
        11
      ],
      "voiceId": "TalkSet166-3",
      "talkText": "その笑顔、素敵だわ！",
      "lipAnimation": "mouth_normal",
      "fontColorType": 0,
      "fontSizeType": 0,
      "balloonType": 0
    }
  ]
}