{
  "m_GameObject": {
    "m_FileID": 0,
    "m_PathID": 0
  },
  "m_Enabled": 1,
  "m_Script": {
    "m_FileID": 0,
    "m_PathID": -3939490112071904993
  },
  "m_Name": "BackstageTalkSet168",
  "backstageTalkSetId": 168,
  "snippets": [
    {
      "talkId": 1,
      "characterIds": [
        13
      ],
      "voiceId": "TalkSet168-1",
      "talkText": "今日の晩御飯はコロッケ！\n楽しみだなー！",
      "lipAnimation": "mouth_normal",
      "fontColorType": 0,
      "fontSizeType": 0,
      "balloonType": 0
    },
    {
      "talkId": 2,
      "characterIds": [
        24
      ],
      "voiceId": "TalkSet168-2",
      "talkText": "いいなー！\nあこもコロッケ食べたい！",
      "lipAnimation": "mouth_normal",
      "fontColorType": 0,
      "fontSizeType": 0,
      "balloonType": 0
    }
  ]
}