{
  "m_GameObject": {
    "m_FileID": 0,
    "m_PathID": 0
  },
  "m_Enabled": 1,
  "m_Script": {
    "m_FileID": 0,
    "m_PathID": -3939490112071904993
  },
  "m_Name": "BackstageTalkSet161",
  "backstageTalkSetId": 161,
  "snippets": [
    {
      "talkId": 1,
      "characterIds": [
        13
      ],
      "voiceId": "TalkSet161-1",
      "talkText": "この前、クイズ番組\n出てたよね！",
      "lipAnimation": "mouth_normal",
      "fontColorType": 0,
      "fontSizeType": 0,
      "balloonType": 0
    },
    {
      "talkId": 2,
      "characterIds": [
        19
      ],
      "voiceId": "TalkSet161-2",
      "talkText": "見てくれたんですか！？",
      "lipAnimation": "mouth_normal",
      "fontColorType": 0,
      "fontSizeType": 0,
      "balloonType": 0
    },
    {
      "talkId": 3,
      "characterIds": [
        13
      ],
      "voiceId": "TalkSet161-3",
      "talkText": "はぐみは１問も\nできなかったよ！",
      "lipAnimation": "mouth_normal",
      "fontColorType": 0,
      "fontSizeType": 0,
      "balloonType": 0
    }
  ]
}