{
  "m_GameObject": {
    "m_FileID": 0,
    "m_PathID": 0
  },
  "m_Enabled": 1,
  "m_Script": {
    "m_FileID": 0,
    "m_PathID": -657477701292886207
  },
  "m_Name": "BackstageTalkSetTimeline179",
  "m_Version": 0,
  "m_Tracks": [
    {
      "m_FileID": 0,
      "m_PathID": 6340855712680536949
    },
    {
      "m_FileID": 0,
      "m_PathID": 4125041715661772630
    },
    {
      "m_FileID": 0,
      "m_PathID": -6353371280960246736
    },
    {
      "m_FileID": 0,
      "m_PathID": 2342194124820620250
    },
    {
      "m_FileID": 0,
      "m_PathID": 4612032229848580233
    },
    {
      "m_FileID": 0,
      "m_PathID": 7224678489526032826
    },
    {
      "m_FileID": 0,
      "m_PathID": -6764952027235179782
    }
  ],
  "m_FixedDuration": 0.0,
  "m_EditorSettings": {
    "m_Framerate": 60.0,
    "m_ScenePreview": 1
  },
  "m_DurationMode": 0,
  "m_MarkerTrack": {
    "m_FileID": 0,
    "m_PathID": 0
  }
}