{
  "m_GameObject": {
    "m_FileID": 0,
    "m_PathID": 0
  },
  "m_Enabled": 1,
  "m_Script": {
    "m_FileID": 0,
    "m_PathID": -657477701292886207
  },
  "m_Name": "BackstageTalkSetTimeline174",
  "m_Version": 0,
  "m_Tracks": [
    {
      "m_FileID": 0,
      "m_PathID": 5139239952830613593
    },
    {
      "m_FileID": 0,
      "m_PathID": 5150859847579494985
    },
    {
      "m_FileID": 0,
      "m_PathID": -6150407810809139731
    },
    {
      "m_FileID": 0,
      "m_PathID": 3237966008989449379
    },
    {
      "m_FileID": 0,
      "m_PathID": -1681406206048700345
    },
    {
      "m_FileID": 0,
      "m_PathID": -8717139340557763753
    },
    {
      "m_FileID": 0,
      "m_PathID": -2201568397503024188
    }
  ],
  "m_FixedDuration": 0.0,
  "m_EditorSettings": {
    "m_Framerate": 60.0,
    "m_ScenePreview": 1
  },
  "m_DurationMode": 0,
  "m_MarkerTrack": {
    "m_FileID": 0,
    "m_PathID": 0
  }
}