{
  "m_GameObject": {
    "m_FileID": 0,
    "m_PathID": 0
  },
  "m_Enabled": 1,
  "m_Script": {
    "m_FileID": 0,
    "m_PathID": -657477701292886207
  },
  "m_Name": "BackstageTalkSetTimeline173",
  "m_Version": 0,
  "m_Tracks": [
    {
      "m_FileID": 0,
      "m_PathID": -8517256610477247242
    },
    {
      "m_FileID": 0,
      "m_PathID": -1048906886224445352
    },
    {
      "m_FileID": 0,
      "m_PathID": 4863623982704532744
    },
    {
      "m_FileID": 0,
      "m_PathID": -4850875001911789453
    },
    {
      "m_FileID": 0,
      "m_PathID": 1321456330469866411
    },
    {
      "m_FileID": 0,
      "m_PathID": 5773751084098441402
    },
    {
      "m_FileID": 0,
      "m_PathID": -6681427107586121522
    }
  ],
  "m_FixedDuration": 0.0,
  "m_EditorSettings": {
    "m_Framerate": 60.0,
    "m_ScenePreview": 1
  },
  "m_DurationMode": 0,
  "m_MarkerTrack": {
    "m_FileID": 0,
    "m_PathID": 0
  }
}