{
  "m_GameObject": {
    "m_FileID": 0,
    "m_PathID": 0
  },
  "m_Enabled": 1,
  "m_Script": {
    "m_FileID": 0,
    "m_PathID": -657477701292886207
  },
  "m_Name": "BackstageTalkSetTimeline178",
  "m_Version": 0,
  "m_Tracks": [
    {
      "m_FileID": 0,
      "m_PathID": 1614263907741061232
    },
    {
      "m_FileID": 0,
      "m_PathID": -3355007305756940531
    },
    {
      "m_FileID": 0,
      "m_PathID": 5699854717029282506
    },
    {
      "m_FileID": 0,
      "m_PathID": 7943494861962850377
    },
    {
      "m_FileID": 0,
      "m_PathID": 49856317078079611
    },
    {
      "m_FileID": 0,
      "m_PathID": 7238332970074876078
    },
    {
      "m_FileID": 0,
      "m_PathID": -512441038405900765
    }
  ],
  "m_FixedDuration": 0.0,
  "m_EditorSettings": {
    "m_Framerate": 60.0,
    "m_ScenePreview": 1
  },
  "m_DurationMode": 0,
  "m_MarkerTrack": {
    "m_FileID": 0,
    "m_PathID": 0
  }
}