{
  "m_GameObject": {
    "m_FileID": 0,
    "m_PathID": 0
  },
  "m_Enabled": 1,
  "m_Script": {
    "m_FileID": 0,
    "m_PathID": -657477701292886207
  },
  "m_Name": "BackstageTalkSetTimeline172",
  "m_Version": 0,
  "m_Tracks": [
    {
      "m_FileID": 0,
      "m_PathID": -7378024909637320697
    },
    {
      "m_FileID": 0,
      "m_PathID": -6240974385064969205
    },
    {
      "m_FileID": 0,
      "m_PathID": -7379789507662401694
    },
    {
      "m_FileID": 0,
      "m_PathID": -361411445799991295
    },
    {
      "m_FileID": 0,
      "m_PathID": 8634340912608010885
    },
    {
      "m_FileID": 0,
      "m_PathID": 4920174385298412811
    },
    {
      "m_FileID": 0,
      "m_PathID": -1461314748631170145
    }
  ],
  "m_FixedDuration": 0.0,
  "m_EditorSettings": {
    "m_Framerate": 60.0,
    "m_ScenePreview": 1
  },
  "m_DurationMode": 0,
  "m_MarkerTrack": {
    "m_FileID": 0,
    "m_PathID": 0
  }
}