{
  "m_GameObject": {
    "m_FileID": 0,
    "m_PathID": 0
  },
  "m_Enabled": 1,
  "m_Script": {
    "m_FileID": 0,
    "m_PathID": -657477701292886207
  },
  "m_Name": "BackstageTalkSetTimeline171",
  "m_Version": 0,
  "m_Tracks": [
    {
      "m_FileID": 0,
      "m_PathID": 5379516945158756859
    },
    {
      "m_FileID": 0,
      "m_PathID": -7637620027105341826
    },
    {
      "m_FileID": 0,
      "m_PathID": -8775853324430533513
    },
    {
      "m_FileID": 0,
      "m_PathID": 8332260840002874985
    },
    {
      "m_FileID": 0,
      "m_PathID": -1982276074921212059
    },
    {
      "m_FileID": 0,
      "m_PathID": -8942698009145565892
    },
    {
      "m_FileID": 0,
      "m_PathID": 1810131678064573014
    }
  ],
  "m_FixedDuration": 0.0,
  "m_EditorSettings": {
    "m_Framerate": 60.0,
    "m_ScenePreview": 1
  },
  "m_DurationMode": 0,
  "m_MarkerTrack": {
    "m_FileID": 0,
    "m_PathID": 0
  }
}