{
  "m_GameObject": {
    "m_FileID": 0,
    "m_PathID": 0
  },
  "m_Enabled": 1,
  "m_Script": {
    "m_FileID": 0,
    "m_PathID": -3939490112071904993
  },
  "m_Name": "BackstageTalkSet172",
  "backstageTalkSetId": 172,
  "snippets": [
    {
      "talkId": 1,
      "characterIds": [
        17
      ],
      "voiceId": "TalkSet172-1",
      "talkText": "るんっ♪　ときた！",
      "lipAnimation": "mouth_normal",
      "fontColorType": 0,
      "fontSizeType": 0,
      "balloonType": 0
    },
    {
      "talkId": 2,
      "characterIds": [
        12
      ],
      "voiceId": "TalkSet172-2",
      "talkText": "フフ、儚い……",
      "lipAnimation": "mouth_normal",
      "fontColorType": 0,
      "fontSizeType": 0,
      "balloonType": 0
    },
    {
      "talkId": 3,
      "characterIds": [
        2
      ],
      "voiceId": "TalkSet172-3",
      "talkText": "おなかすいたなー",
      "lipAnimation": "mouth_normal",
      "fontColorType": 0,
      "fontSizeType": 0,
      "balloonType": 0
    },
    {
      "talkId": 4,
      "characterIds": [
        7
      ],
      "voiceId": "TalkSet172-4",
      "talkText": "ふっふっふ〜",
      "lipAnimation": "mouth_normal",
      "fontColorType": 0,
      "fontSizeType": 0,
      "balloonType": 0
    },
    {
      "talkId": 5,
      "characterIds": [
        22
      ],
      "voiceId": "TalkSet172-5",
      "talkText": "……どうすれば\nいいのかしら",
      "lipAnimation": "mouth_normal",
      "fontColorType": 0,
      "fontSizeType": 0,
      "balloonType": 0
    }
  ]
}