{
  "m_GameObject": {
    "m_FileID": 0,
    "m_PathID": 0
  },
  "m_Enabled": 1,
  "m_Script": {
    "m_FileID": 0,
    "m_PathID": -657477701292886207
  },
  "m_Name": "BackstageTalkSetTimeline180",
  "m_Version": 0,
  "m_Tracks": [
    {
      "m_FileID": 0,
      "m_PathID": 5681098304617938899
    },
    {
      "m_FileID": 0,
      "m_PathID": 4977738033253008269
    },
    {
      "m_FileID": 0,
      "m_PathID": 236170398178044262
    },
    {
      "m_FileID": 0,
      "m_PathID": 4424830890586766622
    },
    {
      "m_FileID": 0,
      "m_PathID": -8011946927073010204
    },
    {
      "m_FileID": 0,
      "m_PathID": 6783473911928350324
    },
    {
      "m_FileID": 0,
      "m_PathID": -6047824376190084312
    }
  ],
  "m_FixedDuration": 0.0,
  "m_EditorSettings": {
    "m_Framerate": 60.0,
    "m_ScenePreview": 1
  },
  "m_DurationMode": 0,
  "m_MarkerTrack": {
    "m_FileID": 0,
    "m_PathID": 0
  }
}