{
  "m_GameObject": {
    "m_FileID": 0,
    "m_PathID": 0
  },
  "m_Enabled": 1,
  "m_Script": {
    "m_FileID": 0,
    "m_PathID": -657477701292886207
  },
  "m_Name": "BackstageTalkSetTimeline177",
  "m_Version": 0,
  "m_Tracks": [
    {
      "m_FileID": 0,
      "m_PathID": -3300182318738594035
    },
    {
      "m_FileID": 0,
      "m_PathID": 1818730090274570797
    },
    {
      "m_FileID": 0,
      "m_PathID": 2377685919673822453
    },
    {
      "m_FileID": 0,
      "m_PathID": -1388090622059904619
    },
    {
      "m_FileID": 0,
      "m_PathID": 4728871939107554829
    },
    {
      "m_FileID": 0,
      "m_PathID": -5328006445045685586
    },
    {
      "m_FileID": 0,
      "m_PathID": -7371910981391194195
    }
  ],
  "m_FixedDuration": 0.0,
  "m_EditorSettings": {
    "m_Framerate": 60.0,
    "m_ScenePreview": 1
  },
  "m_DurationMode": 0,
  "m_MarkerTrack": {
    "m_FileID": 0,
    "m_PathID": 0
  }
}