{
  "m_GameObject": {
    "m_FileID": 0,
    "m_PathID": 0
  },
  "m_Enabled": 1,
  "m_Script": {
    "m_FileID": 0,
    "m_PathID": -3939490112071904993
  },
  "m_Name": "BackstageTalkSet177",
  "backstageTalkSetId": 177,
  "snippets": [
    {
      "talkId": 1,
      "characterIds": [
        9
      ],
      "voiceId": "TalkSet177-1",
      "talkText": "このあと何か\n食べに行かないか？",
      "lipAnimation": "mouth_normal",
      "fontColorType": 0,
      "fontSizeType": 0,
      "balloonType": 0
    },
    {
      "talkId": 2,
      "characterIds": [
        24
      ],
      "voiceId": "TalkSet177-2",
      "talkText": "あこ、フライドポテト\n食べた〜い！",
      "lipAnimation": "mouth_normal",
      "fontColorType": 0,
      "fontSizeType": 0,
      "balloonType": 0
    },
    {
      "talkId": 3,
      "characterIds": [
        4
      ],
      "voiceId": "TalkSet177-3",
      "talkText": "私はパスタの気分かな",
      "lipAnimation": "mouth_normal",
      "fontColorType": 0,
      "fontSizeType": 0,
      "balloonType": 0
    },
    {
      "talkId": 4,
      "characterIds": [
        19
      ],
      "voiceId": "TalkSet177-4",
      "talkText": "ジブンは\n野菜スティックですね",
      "lipAnimation": "mouth_normal",
      "fontColorType": 0,
      "fontSizeType": 0,
      "balloonType": 0
    },
    {
      "talkId": 5,
      "characterIds": [
        14
      ],
      "voiceId": "TalkSet177-5",
      "talkText": "ケーキ食べたいな……",
      "lipAnimation": "mouth_normal",
      "fontColorType": 0,
      "fontSizeType": 0,
      "balloonType": 0
    },
    {
      "talkId": 6,
      "characterIds": [
        9
      ],
      "voiceId": "TalkSet177-6",
      "talkText": "ファミレスで決まりだな！",
      "lipAnimation": "mouth_normal",
      "fontColorType": 0,
      "fontSizeType": 0,
      "balloonType": 0
    }
  ]
}