{
  "m_GameObject": {
    "m_FileID": 0,
    "m_PathID": 0
  },
  "m_Enabled": 1,
  "m_Script": {
    "m_FileID": 0,
    "m_PathID": -3939490112071904993
  },
  "m_Name": "BackstageTalkSet171",
  "backstageTalkSetId": 171,
  "snippets": [
    {
      "talkId": 1,
      "characterIds": [
        15
      ],
      "voiceId": "TalkSet171-1",
      "talkText": "あたし以外全員\nキーボード担当だ",
      "lipAnimation": "mouth_normal",
      "fontColorType": 0,
      "fontSizeType": 0,
      "balloonType": 0
    },
    {
      "talkId": 2,
      "characterIds": [
        5
      ],
      "voiceId": "TalkSet171-2",
      "talkText": "言われてみればそーだな",
      "lipAnimation": "mouth_normal",
      "fontColorType": 0,
      "fontSizeType": 0,
      "balloonType": 0
    },
    {
      "talkId": 3,
      "characterIds": [
        10
      ],
      "voiceId": "TalkSet171-3",
      "talkText": "ほんとだね",
      "lipAnimation": "mouth_normal",
      "fontColorType": 0,
      "fontSizeType": 0,
      "balloonType": 0
    },
    {
      "talkId": 4,
      "characterIds": [
        25
      ],
      "voiceId": "TalkSet171-4",
      "talkText": "確かに……そうですね……",
      "lipAnimation": "mouth_normal",
      "fontColorType": 0,
      "fontSizeType": 0,
      "balloonType": 0
    },
    {
      "talkId": 5,
      "characterIds": [
        20
      ],
      "voiceId": "TalkSet171-5",
      "talkText": "貴重な瞬間ですね！",
      "lipAnimation": "mouth_normal",
      "fontColorType": 0,
      "fontSizeType": 0,
      "balloonType": 0
    },
    {
      "talkId": 6,
      "characterIds": [
        15
      ],
      "voiceId": "TalkSet171-6",
      "talkText": "……あるある話とか\n聞きたいかも",
      "lipAnimation": "mouth_normal",
      "fontColorType": 0,
      "fontSizeType": 0,
      "balloonType": 0
    }
  ]
}