{
  "m_GameObject": {
    "m_FileID": 0,
    "m_PathID": 0
  },
  "m_Enabled": 1,
  "m_Script": {
    "m_FileID": 0,
    "m_PathID": -3939490112071904993
  },
  "m_Name": "BackstageTalkSet176",
  "backstageTalkSetId": 176,
  "snippets": [
    {
      "talkId": 1,
      "characterIds": [
        24
      ],
      "voiceId": "TalkSet176-1",
      "talkText": "これより闇のドラマー\n会議を始める……！",
      "lipAnimation": "mouth_shout",
      "fontColorType": 0,
      "fontSizeType": 2,
      "balloonType": 1
    },
    {
      "talkId": 2,
      "characterIds": [
        14
      ],
      "voiceId": "TalkSet176-2",
      "talkText": "や、闇のドラマー……？",
      "lipAnimation": "mouth_normal",
      "fontColorType": 0,
      "fontSizeType": 0,
      "balloonType": 0
    },
    {
      "talkId": 3,
      "characterIds": [
        9
      ],
      "voiceId": "TalkSet176-3",
      "talkText": "暗闇の中でドラムって\n叩けると思います？",
      "lipAnimation": "mouth_normal",
      "fontColorType": 0,
      "fontSizeType": 0,
      "balloonType": 0
    },
    {
      "talkId": 4,
      "characterIds": [
        19
      ],
      "voiceId": "TalkSet176-4",
      "talkText": "ジブンが思うに――",
      "lipAnimation": "mouth_normal",
      "fontColorType": 0,
      "fontSizeType": 0,
      "balloonType": 0
    },
    {
      "talkId": 5,
      "characterIds": [
        4
      ],
      "voiceId": "TalkSet176-5",
      "talkText": "闇ってそういう\n意味なの？",
      "lipAnimation": "mouth_normal",
      "fontColorType": 0,
      "fontSizeType": 0,
      "balloonType": 0
    }
  ]
}