{
  "m_GameObject": {
    "m_FileID": 0,
    "m_PathID": 0
  },
  "m_Enabled": 1,
  "m_Script": {
    "m_FileID": 0,
    "m_PathID": -657477701292886207
  },
  "m_Name": "BackstageTalkSetTimeline176",
  "m_Version": 0,
  "m_Tracks": [
    {
      "m_FileID": 0,
      "m_PathID": -7194958022923013498
    },
    {
      "m_FileID": 0,
      "m_PathID": 7026687069466747215
    },
    {
      "m_FileID": 0,
      "m_PathID": -1715767900876233153
    },
    {
      "m_FileID": 0,
      "m_PathID": -5444479619025355519
    },
    {
      "m_FileID": 0,
      "m_PathID": -3457267451297445536
    },
    {
      "m_FileID": 0,
      "m_PathID": 1389508553205115735
    },
    {
      "m_FileID": 0,
      "m_PathID": 6554062079467386703
    }
  ],
  "m_FixedDuration": 0.0,
  "m_EditorSettings": {
    "m_Framerate": 60.0,
    "m_ScenePreview": 1
  },
  "m_DurationMode": 0,
  "m_MarkerTrack": {
    "m_FileID": 0,
    "m_PathID": 0
  }
}