{
  "m_GameObject": {
    "m_FileID": 0,
    "m_PathID": 0
  },
  "m_Enabled": 1,
  "m_Script": {
    "m_FileID": 0,
    "m_PathID": -657477701292886207
  },
  "m_Name": "BackstageTalkSetTimeline175",
  "m_Version": 0,
  "m_Tracks": [
    {
      "m_FileID": 0,
      "m_PathID": 8264203973746383870
    },
    {
      "m_FileID": 0,
      "m_PathID": 317897347267470070
    },
    {
      "m_FileID": 0,
      "m_PathID": -5633616120378048114
    },
    {
      "m_FileID": 0,
      "m_PathID": 4984177787209366490
    },
    {
      "m_FileID": 0,
      "m_PathID": -8935521657154715299
    },
    {
      "m_FileID": 0,
      "m_PathID": 8132247168395139784
    },
    {
      "m_FileID": 0,
      "m_PathID": -3939307050387158698
    }
  ],
  "m_FixedDuration": 0.0,
  "m_EditorSettings": {
    "m_Framerate": 60.0,
    "m_ScenePreview": 1
  },
  "m_DurationMode": 0,
  "m_MarkerTrack": {
    "m_FileID": 0,
    "m_PathID": 0
  }
}