{
  "m_GameObject": {
    "m_FileID": 0,
    "m_PathID": 0
  },
  "m_Enabled": 1,
  "m_Script": {
    "m_FileID": 0,
    "m_PathID": -3939490112071904993
  },
  "m_Name": "BackstageTalkSet212",
  "backstageTalkSetId": 212,
  "snippets": [
    {
      "talkId": 1,
      "characterIds": [
        1
      ],
      "voiceId": "TalkSet212-1",
      "talkText": "フィンランドって\n星がよく見えそうだよね",
      "lipAnimation": "mouth_normal",
      "fontColorType": 0,
      "fontSizeType": 0,
      "balloonType": 0
    },
    {
      "talkId": 2,
      "characterIds": [
        20
      ],
      "voiceId": "TalkSet212-2",
      "talkText": "とてもキレイですよ！\nオーロラも見られます！",
      "lipAnimation": "mouth_normal",
      "fontColorType": 0,
      "fontSizeType": 0,
      "balloonType": 0
    },
    {
      "talkId": 3,
      "characterIds": [
        1
      ],
      "voiceId": "TalkSet212-3",
      "talkText": "オーロラ！？　いいなー！\n私も見てみたい！",
      "lipAnimation": "mouth_normal",
      "fontColorType": 0,
      "fontSizeType": 0,
      "balloonType": 0
    }
  ]
}