{
  "m_GameObject": {
    "m_FileID": 0,
    "m_PathID": 0
  },
  "m_Enabled": 1,
  "m_Script": {
    "m_FileID": 0,
    "m_PathID": -3939490112071904993
  },
  "m_Name": "BackstageTalkSet211",
  "backstageTalkSetId": 211,
  "snippets": [
    {
      "talkId": 1,
      "characterIds": [
        16
      ],
      "voiceId": "TalkSet211-1",
      "talkText": "香澄ちゃん、勉強中？",
      "lipAnimation": "mouth_normal",
      "fontColorType": 0,
      "fontSizeType": 0,
      "balloonType": 0
    },
    {
      "talkId": 2,
      "characterIds": [
        1
      ],
      "voiceId": "TalkSet211-2",
      "talkText": "うぅ、そうなんです……\n今度補習があって……",
      "lipAnimation": "mouth_normal",
      "fontColorType": 0,
      "fontSizeType": 0,
      "balloonType": 0
    },
    {
      "talkId": 3,
      "characterIds": [
        16
      ],
      "voiceId": "TalkSet211-3",
      "talkText": "力になってあげたいけど、\n私も勉強はちょっと……",
      "lipAnimation": "mouth_normal",
      "fontColorType": 0,
      "fontSizeType": 0,
      "balloonType": 0
    }
  ]
}