{
  "m_GameObject": {
    "m_FileID": 0,
    "m_PathID": 0
  },
  "m_Enabled": 1,
  "m_Script": {
    "m_FileID": 0,
    "m_PathID": -3939490112071904993
  },
  "m_Name": "BackstageTalkSet218",
  "backstageTalkSetId": 218,
  "snippets": [
    {
      "talkId": 1,
      "characterIds": [
        1
      ],
      "voiceId": "TalkSet218-1",
      "talkText": "リサさん！　ネイルのこと\n教えてください！",
      "lipAnimation": "mouth_normal",
      "fontColorType": 0,
      "fontSizeType": 0,
      "balloonType": 0
    },
    {
      "talkId": 2,
      "characterIds": [
        23
      ],
      "voiceId": "TalkSet218-2",
      "talkText": "オッケー！\nどんなネイルにしたい？",
      "lipAnimation": "mouth_normal",
      "fontColorType": 0,
      "fontSizeType": 0,
      "balloonType": 0
    },
    {
      "talkId": 3,
      "characterIds": [
        1
      ],
      "voiceId": "TalkSet218-3",
      "talkText": "星をイメージして、\nキラキラさせたいです！",
      "lipAnimation": "mouth_normal",
      "fontColorType": 0,
      "fontSizeType": 0,
      "balloonType": 0
    }
  ]
}