{
  "m_GameObject": {
    "m_FileID": 0,
    "m_PathID": 0
  },
  "m_Enabled": 1,
  "m_Script": {
    "m_FileID": 0,
    "m_PathID": -657477701292886207
  },
  "m_Name": "BackstageTalkSetTimeline214",
  "m_Version": 0,
  "m_Tracks": [
    {
      "m_FileID": 0,
      "m_PathID": -5762385612964008648
    },
    {
      "m_FileID": 0,
      "m_PathID": -1286443876814657516
    },
    {
      "m_FileID": 0,
      "m_PathID": -2856305259758822804
    },
    {
      "m_FileID": 0,
      "m_PathID": 7409534061534718235
    },
    {
      "m_FileID": 0,
      "m_PathID": -5287383145813356530
    },
    {
      "m_FileID": 0,
      "m_PathID": 612489661921910882
    }
  ],
  "m_FixedDuration": 0.0,
  "m_EditorSettings": {
    "m_Framerate": 60.0,
    "m_ScenePreview": 1
  },
  "m_DurationMode": 0,
  "m_MarkerTrack": {
    "m_FileID": 0,
    "m_PathID": 0
  }
}