{
  "m_GameObject": {
    "m_FileID": 0,
    "m_PathID": 0
  },
  "m_Enabled": 1,
  "m_Script": {
    "m_FileID": 0,
    "m_PathID": -3939490112071904993
  },
  "m_Name": "BackstageTalkSet217",
  "backstageTalkSetId": 217,
  "snippets": [
    {
      "talkId": 1,
      "characterIds": [
        21
      ],
      "voiceId": "TalkSet217-1",
      "talkText": "（戸山さんの髪型、\n猫のようね……）",
      "lipAnimation": "",
      "fontColorType": 0,
      "fontSizeType": 0,
      "balloonType": 2
    },
    {
      "talkId": 2,
      "characterIds": [
        21
      ],
      "voiceId": "TalkSet217-2",
      "talkText": "（撫でるくらいなら……\nいえ、でも……）",
      "lipAnimation": "",
      "fontColorType": 0,
      "fontSizeType": 0,
      "balloonType": 2
    },
    {
      "talkId": 3,
      "characterIds": [
        1
      ],
      "voiceId": "TalkSet217-3",
      "talkText": "友希那先輩、\nどうしたんですか？",
      "lipAnimation": "mouth_normal",
      "fontColorType": 0,
      "fontSizeType": 0,
      "balloonType": 0
    },
    {
      "talkId": 4,
      "characterIds": [
        21
      ],
      "voiceId": "TalkSet217-4",
      "talkText": "いえ、なんでもないわ",
      "lipAnimation": "mouth_normal",
      "fontColorType": 0,
      "fontSizeType": 0,
      "balloonType": 0
    }
  ]
}