{
  "m_GameObject": {
    "m_FileID": 0,
    "m_PathID": 0
  },
  "m_Enabled": 1,
  "m_Script": {
    "m_FileID": 0,
    "m_PathID": -657477701292886207
  },
  "m_Name": "BackstageTalkSetTimeline138",
  "m_Version": 0,
  "m_Tracks": [
    {
      "m_FileID": 0,
      "m_PathID": 4136196094931793908
    },
    {
      "m_FileID": 0,
      "m_PathID": -1082294018756786035
    },
    {
      "m_FileID": 0,
      "m_PathID": -733198454538339382
    },
    {
      "m_FileID": 0,
      "m_PathID": -4754213814962317490
    }
  ],
  "m_FixedDuration": 0.0,
  "m_EditorSettings": {
    "m_Framerate": 60.0,
    "m_ScenePreview": 1
  },
  "m_DurationMode": 0,
  "m_MarkerTrack": {
    "m_FileID": 0,
    "m_PathID": 0
  }
}