{
  "m_GameObject": {
    "m_FileID": 0,
    "m_PathID": 0
  },
  "m_Enabled": 1,
  "m_Script": {
    "m_FileID": 0,
    "m_PathID": -3939490112071904993
  },
  "m_Name": "BackstageTalkSet135",
  "backstageTalkSetId": 135,
  "snippets": [
    {
      "talkId": 1,
      "characterIds": [
        16
      ],
      "voiceId": "TalkSet135-1",
      "talkText": "蘭ちゃんって、\nロックって感じだよね",
      "lipAnimation": "mouth_normal",
      "fontColorType": 0,
      "fontSizeType": 0,
      "balloonType": 0
    },
    {
      "talkId": 2,
      "characterIds": [
        6
      ],
      "voiceId": "TalkSet135-2",
      "talkText": "彩さんも、アイドルって\n感じですよ",
      "lipAnimation": "mouth_normal",
      "fontColorType": 0,
      "fontSizeType": 0,
      "balloonType": 0
    },
    {
      "talkId": 3,
      "characterIds": [
        16
      ],
      "voiceId": "TalkSet135-3",
      "talkText": "えへへ、そうかな～？",
      "lipAnimation": "mouth_normal",
      "fontColorType": 0,
      "fontSizeType": 0,
      "balloonType": 0
    }
  ]
}