{
  "m_GameObject": {
    "m_FileID": 0,
    "m_PathID": 0
  },
  "m_Enabled": 1,
  "m_Script": {
    "m_FileID": 0,
    "m_PathID": -3939490112071904993
  },
  "m_Name": "BackstageTalkSet138",
  "backstageTalkSetId": 138,
  "snippets": [
    {
      "talkId": 1,
      "characterIds": [
        18
      ],
      "voiceId": "TalkSet138-1",
      "talkText": "どこからか\n花の香りがするわ",
      "lipAnimation": "mouth_normal",
      "fontColorType": 0,
      "fontSizeType": 0,
      "balloonType": 0
    },
    {
      "talkId": 2,
      "characterIds": [
        6
      ],
      "voiceId": "TalkSet138-2",
      "talkText": "実は今日、\n華道の集まりがあって……",
      "lipAnimation": "mouth_normal",
      "fontColorType": 0,
      "fontSizeType": 0,
      "balloonType": 0
    }
  ]
}