{
  "m_GameObject": {
    "m_FileID": 0,
    "m_PathID": 0
  },
  "m_Enabled": 1,
  "m_Script": {
    "m_FileID": 0,
    "m_PathID": -3939490112071904993
  },
  "m_Name": "BackstageTalkSet139",
  "backstageTalkSetId": 139,
  "snippets": [
    {
      "talkId": 1,
      "characterIds": [
        6
      ],
      "voiceId": "TalkSet139-1",
      "talkText": "（のどの調子悪いかも）",
      "lipAnimation": "",
      "fontColorType": 0,
      "fontSizeType": 0,
      "balloonType": 2
    },
    {
      "talkId": 2,
      "characterIds": [
        21
      ],
      "voiceId": "TalkSet139-2",
      "talkText": "のど飴、いるかしら？",
      "lipAnimation": "mouth_normal",
      "fontColorType": 0,
      "fontSizeType": 0,
      "balloonType": 0
    },
    {
      "talkId": 3,
      "characterIds": [
        6
      ],
      "voiceId": "TalkSet139-3",
      "talkText": "あ、ありがとうございます",
      "lipAnimation": "mouth_normal",
      "fontColorType": 0,
      "fontSizeType": 0,
      "balloonType": 0
    },
    {
      "talkId": 4,
      "characterIds": [
        6
      ],
      "voiceId": "TalkSet139-4",
      "talkText": "（なんで\nわかったんだろ……？）",
      "lipAnimation": "",
      "fontColorType": 0,
      "fontSizeType": 0,
      "balloonType": 2
    }
  ]
}