{
  "m_GameObject": {
    "m_FileID": 0,
    "m_PathID": 0
  },
  "m_Enabled": 1,
  "m_Script": {
    "m_FileID": 0,
    "m_PathID": -657477701292886207
  },
  "m_Name": "BackstageTalkSetTimeline137",
  "m_Version": 0,
  "m_Tracks": [
    {
      "m_FileID": 0,
      "m_PathID": -6163496116291201614
    },
    {
      "m_FileID": 0,
      "m_PathID": -2084764846603101862
    },
    {
      "m_FileID": 0,
      "m_PathID": -8961336940424177786
    },
    {
      "m_FileID": 0,
      "m_PathID": -4416579343398409562
    }
  ],
  "m_FixedDuration": 0.0,
  "m_EditorSettings": {
    "m_Framerate": 60.0,
    "m_ScenePreview": 1
  },
  "m_DurationMode": 0,
  "m_MarkerTrack": {
    "m_FileID": 0,
    "m_PathID": 0
  }
}