{
  "m_GameObject": {
    "m_FileID": 0,
    "m_PathID": 0
  },
  "m_Enabled": 1,
  "m_Script": {
    "m_FileID": 0,
    "m_PathID": -3939490112071904993
  },
  "m_Name": "BackstageTalkSet136",
  "backstageTalkSetId": 136,
  "snippets": [
    {
      "talkId": 1,
      "characterIds": [
        16
      ],
      "voiceId": "TalkSet136-1",
      "talkText": "あ、あれ？\n私のスマホ、どこ～！？",
      "lipAnimation": "mouth_normal",
      "fontColorType": 0,
      "fontSizeType": 0,
      "balloonType": 0
    },
    {
      "talkId": 2,
      "characterIds": [
        6
      ],
      "voiceId": "TalkSet136-2",
      "talkText": "（持ってるのに……）",
      "lipAnimation": "",
      "fontColorType": 0,
      "fontSizeType": 0,
      "balloonType": 2
    }
  ]
}