{
  "m_GameObject": {
    "m_FileID": 0,
    "m_PathID": 0
  },
  "m_Enabled": 1,
  "m_Script": {
    "m_FileID": 0,
    "m_PathID": -3939490112071904993
  },
  "m_Name": "BackstageTalkSet137",
  "backstageTalkSetId": 137,
  "snippets": [
    {
      "talkId": 1,
      "characterIds": [
        6
      ],
      "voiceId": "TalkSet137-1",
      "talkText": "彩さんって、\n面白いですよね……",
      "lipAnimation": "mouth_normal",
      "fontColorType": 0,
      "fontSizeType": 0,
      "balloonType": 0
    },
    {
      "talkId": 2,
      "characterIds": [
        18
      ],
      "voiceId": "TalkSet137-2",
      "talkText": "そうね。あれも\n才能だと思うわ",
      "lipAnimation": "mouth_normal",
      "fontColorType": 0,
      "fontSizeType": 0,
      "balloonType": 0
    }
  ]
}