{
  "m_GameObject": {
    "m_FileID": 0,
    "m_PathID": 0
  },
  "m_Enabled": 1,
  "m_Script": {
    "m_FileID": 0,
    "m_PathID": -3939490112071904993
  },
  "m_Name": "BackstageTalkSet132",
  "backstageTalkSetId": 132,
  "snippets": [
    {
      "talkId": 1,
      "characterIds": [
        2
      ],
      "voiceId": "TalkSet132-1",
      "talkText": "花音先輩って、\nあれに似てますよね？",
      "lipAnimation": "mouth_normal",
      "fontColorType": 0,
      "fontSizeType": 0,
      "balloonType": 0
    },
    {
      "talkId": 2,
      "characterIds": [
        14
      ],
      "voiceId": "TalkSet132-2",
      "talkText": "あれって、何？",
      "lipAnimation": "mouth_normal",
      "fontColorType": 0,
      "fontSizeType": 0,
      "balloonType": 0
    },
    {
      "talkId": 3,
      "characterIds": [
        2
      ],
      "voiceId": "TalkSet132-3",
      "talkText": "……なんだっけ？",
      "lipAnimation": "mouth_normal",
      "fontColorType": 0,
      "fontSizeType": 0,
      "balloonType": 0
    }
  ]
}