{
  "m_GameObject": {
    "m_FileID": 0,
    "m_PathID": 0
  },
  "m_Enabled": 1,
  "m_Script": {
    "m_FileID": 0,
    "m_PathID": -3939490112071904993
  },
  "m_Name": "BackstageTalkSet140",
  "backstageTalkSetId": 140,
  "snippets": [
    {
      "talkId": 1,
      "characterIds": [
        6,
        21
      ],
      "voiceId": "TalkSet140-1",
      "talkText": "……",
      "lipAnimation": "mouth_normal",
      "fontColorType": 0,
      "fontSizeType": 0,
      "balloonType": 0
    },
    {
      "talkId": 2,
      "characterIds": [
        6
      ],
      "voiceId": "TalkSet140-2",
      "talkText": "（な、なんか……\n気まずい……）",
      "lipAnimation": "",
      "fontColorType": 0,
      "fontSizeType": 0,
      "balloonType": 2
    },
    {
      "talkId": 3,
      "characterIds": [
        21
      ],
      "voiceId": "TalkSet140-3",
      "talkText": "（何か話したほうが、\nいいのかしら……？）",
      "lipAnimation": "",
      "fontColorType": 0,
      "fontSizeType": 0,
      "balloonType": 2
    }
  ]
}