{
  "m_GameObject": {
    "m_FileID": 0,
    "m_PathID": 0
  },
  "m_Enabled": 1,
  "m_Script": {
    "m_FileID": 0,
    "m_PathID": -657477701292886207
  },
  "m_Name": "BackstageTalkSetTimeline111",
  "m_Version": 0,
  "m_Tracks": [
    {
      "m_FileID": 0,
      "m_PathID": 1070749109394570367
    },
    {
      "m_FileID": 0,
      "m_PathID": -4928142198176727550
    },
    {
      "m_FileID": 0,
      "m_PathID": -2025706784387179146
    },
    {
      "m_FileID": 0,
      "m_PathID": -5055928606894247774
    },
    {
      "m_FileID": 0,
      "m_PathID": -8192868546445595044
    },
    {
      "m_FileID": 0,
      "m_PathID": 5511417975442639791
    }
  ],
  "m_FixedDuration": 0.0,
  "m_EditorSettings": {
    "m_Framerate": 60.0,
    "m_ScenePreview": 1
  },
  "m_DurationMode": 0,
  "m_MarkerTrack": {
    "m_FileID": 0,
    "m_PathID": 0
  }
}