{
  "m_GameObject": {
    "m_FileID": 0,
    "m_PathID": 0
  },
  "m_Enabled": 1,
  "m_Script": {
    "m_FileID": 0,
    "m_PathID": -3939490112071904993
  },
  "m_Name": "BackstageTalkSet118",
  "backstageTalkSetId": 118,
  "snippets": [
    {
      "talkId": 1,
      "characterIds": [
        1
      ],
      "voiceId": "TalkSet118-1",
      "talkText": "今日このあとみんなで\nどっか行こー！",
      "lipAnimation": "mouth_normal",
      "fontColorType": 0,
      "fontSizeType": 0,
      "balloonType": 0
    },
    {
      "talkId": 2,
      "characterIds": [
        5
      ],
      "voiceId": "TalkSet118-2",
      "talkText": "お前、ほんっといつも急な",
      "lipAnimation": "mouth_normal",
      "fontColorType": 0,
      "fontSizeType": 0,
      "balloonType": 0
    },
    {
      "talkId": 3,
      "characterIds": [
        4
      ],
      "voiceId": "TalkSet118-3",
      "talkText": "ふふっ。でも私も\nどこか行きたいな",
      "lipAnimation": "mouth_normal",
      "fontColorType": 0,
      "fontSizeType": 0,
      "balloonType": 0
    },
    {
      "talkId": 4,
      "characterIds": [
        3
      ],
      "voiceId": "TalkSet118-4",
      "talkText": "じゃあ、どこにしようか？",
      "lipAnimation": "mouth_normal",
      "fontColorType": 0,
      "fontSizeType": 0,
      "balloonType": 0
    },
    {
      "talkId": 5,
      "characterIds": [
        2
      ],
      "voiceId": "TalkSet118-5",
      "talkText": "私はドリンクバーがあれば\nどこでもいいよ",
      "lipAnimation": "mouth_normal",
      "fontColorType": 0,
      "fontSizeType": 0,
      "balloonType": 0
    },
    {
      "talkId": 6,
      "characterIds": [
        5
      ],
      "voiceId": "TalkSet118-6",
      "talkText": "ドリンクバーって……\nそんなに大事か？",
      "lipAnimation": "mouth_normal",
      "fontColorType": 0,
      "fontSizeType": 0,
      "balloonType": 0
    }
  ]
}