{
  "m_GameObject": {
    "m_FileID": 0,
    "m_PathID": 0
  },
  "m_Enabled": 1,
  "m_Script": {
    "m_FileID": 0,
    "m_PathID": -657477701292886207
  },
  "m_Name": "BackstageTalkSetTimeline115",
  "m_Version": 0,
  "m_Tracks": [
    {
      "m_FileID": 0,
      "m_PathID": -273127871554042229
    },
    {
      "m_FileID": 0,
      "m_PathID": 2803882907892022097
    },
    {
      "m_FileID": 0,
      "m_PathID": 6676394484897845700
    },
    {
      "m_FileID": 0,
      "m_PathID": 8050038074553522643
    },
    {
      "m_FileID": 0,
      "m_PathID": -402176468031991334
    },
    {
      "m_FileID": 0,
      "m_PathID": -6012174843787080195
    }
  ],
  "m_FixedDuration": 0.0,
  "m_EditorSettings": {
    "m_Framerate": 60.0,
    "m_ScenePreview": 1
  },
  "m_DurationMode": 0,
  "m_MarkerTrack": {
    "m_FileID": 0,
    "m_PathID": 0
  }
}