{
  "m_GameObject": {
    "m_FileID": 0,
    "m_PathID": 0
  },
  "m_Enabled": 1,
  "m_Script": {
    "m_FileID": 0,
    "m_PathID": -657477701292886207
  },
  "m_Name": "BackstageTalkSetTimeline114",
  "m_Version": 0,
  "m_Tracks": [
    {
      "m_FileID": 0,
      "m_PathID": 7505428811925007889
    },
    {
      "m_FileID": 0,
      "m_PathID": -9213271112224848921
    },
    {
      "m_FileID": 0,
      "m_PathID": -4372450360840460154
    },
    {
      "m_FileID": 0,
      "m_PathID": 5621801257517366293
    },
    {
      "m_FileID": 0,
      "m_PathID": -8104463868778382973
    },
    {
      "m_FileID": 0,
      "m_PathID": 8621320668493544362
    }
  ],
  "m_FixedDuration": 0.0,
  "m_EditorSettings": {
    "m_Framerate": 60.0,
    "m_ScenePreview": 1
  },
  "m_DurationMode": 0,
  "m_MarkerTrack": {
    "m_FileID": 0,
    "m_PathID": 0
  }
}