{
  "m_GameObject": {
    "m_FileID": 0,
    "m_PathID": 0
  },
  "m_Enabled": 1,
  "m_Script": {
    "m_FileID": 0,
    "m_PathID": -657477701292886207
  },
  "m_Name": "BackstageTalkSetTimeline116",
  "m_Version": 0,
  "m_Tracks": [
    {
      "m_FileID": 0,
      "m_PathID": 4632022482499247209
    },
    {
      "m_FileID": 0,
      "m_PathID": 4299889071476095164
    },
    {
      "m_FileID": 0,
      "m_PathID": 2607495433926809883
    },
    {
      "m_FileID": 0,
      "m_PathID": -4350087830483530679
    },
    {
      "m_FileID": 0,
      "m_PathID": -3514856833021056200
    },
    {
      "m_FileID": 0,
      "m_PathID": -7588324022542582110
    }
  ],
  "m_FixedDuration": 0.0,
  "m_EditorSettings": {
    "m_Framerate": 60.0,
    "m_ScenePreview": 1
  },
  "m_DurationMode": 0,
  "m_MarkerTrack": {
    "m_FileID": 0,
    "m_PathID": 0
  }
}