{
  "m_GameObject": {
    "m_FileID": 0,
    "m_PathID": 0
  },
  "m_Enabled": 1,
  "m_Script": {
    "m_FileID": 0,
    "m_PathID": -3939490112071904993
  },
  "m_Name": "BackstageTalkSet116",
  "backstageTalkSetId": 116,
  "snippets": [
    {
      "talkId": 1,
      "characterIds": [
        19
      ],
      "voiceId": "TalkSet116-1",
      "talkText": "ミッシェルになる上での\nコツってあるんですか？",
      "lipAnimation": "mouth_normal",
      "fontColorType": 0,
      "fontSizeType": 0,
      "balloonType": 0
    },
    {
      "talkId": 2,
      "characterIds": [
        15
      ],
      "voiceId": "TalkSet116-2",
      "talkText": "コツ……そうですね……",
      "lipAnimation": "mouth_normal",
      "fontColorType": 0,
      "fontSizeType": 0,
      "balloonType": 0
    },
    {
      "talkId": 3,
      "characterIds": [
        12
      ],
      "voiceId": "TalkSet116-3",
      "talkText": "ミッシェルの話かい？\nそれなら私も混ぜてくれ",
      "lipAnimation": "mouth_normal",
      "fontColorType": 0,
      "fontSizeType": 0,
      "balloonType": 0
    },
    {
      "talkId": 4,
      "characterIds": [
        13
      ],
      "voiceId": "TalkSet116-4",
      "talkText": "はぐみも！　だって、\nミッシェル大好きだもん",
      "lipAnimation": "mouth_normal",
      "fontColorType": 0,
      "fontSizeType": 0,
      "balloonType": 0
    },
    {
      "talkId": 5,
      "characterIds": [
        12
      ],
      "voiceId": "TalkSet116-5",
      "talkText": "私もはぐみと同じくらい、\nミッシェルが大好きさ",
      "lipAnimation": "mouth_normal",
      "fontColorType": 0,
      "fontSizeType": 0,
      "balloonType": 0
    },
    {
      "talkId": 6,
      "characterIds": [
        13
      ],
      "voiceId": "TalkSet116-6",
      "talkText": "よーし、それじゃあ\nミッシェルクイズしよ！",
      "lipAnimation": "mouth_normal",
      "fontColorType": 0,
      "fontSizeType": 0,
      "balloonType": 0
    },
    {
      "talkId": 7,
      "characterIds": [
        15
      ],
      "voiceId": "TalkSet116-7",
      "talkText": "……この空気感に\n慣れることですかね",
      "lipAnimation": "mouth_normal",
      "fontColorType": 0,
      "fontSizeType": 0,
      "balloonType": 0
    },
    {
      "talkId": 8,
      "characterIds": [
        19
      ],
      "voiceId": "TalkSet116-8",
      "talkText": "あはは……",
      "lipAnimation": "mouth_normal",
      "fontColorType": 0,
      "fontSizeType": 0,
      "balloonType": 0
    }
  ]
}