{
  "m_GameObject": {
    "m_FileID": 0,
    "m_PathID": 0
  },
  "m_Enabled": 1,
  "m_Script": {
    "m_FileID": 0,
    "m_PathID": -657477701292886207
  },
  "m_Name": "BackstageTalkSetTimeline117",
  "m_Version": 0,
  "m_Tracks": [
    {
      "m_FileID": 0,
      "m_PathID": -3053682906220586071
    },
    {
      "m_FileID": 0,
      "m_PathID": 2841884845064557780
    },
    {
      "m_FileID": 0,
      "m_PathID": -3549897801455961235
    },
    {
      "m_FileID": 0,
      "m_PathID": -1677785633782492339
    },
    {
      "m_FileID": 0,
      "m_PathID": 3956516020520740785
    },
    {
      "m_FileID": 0,
      "m_PathID": 1191205668008116343
    },
    {
      "m_FileID": 0,
      "m_PathID": 2330273842319862467
    }
  ],
  "m_FixedDuration": 0.0,
  "m_EditorSettings": {
    "m_Framerate": 60.0,
    "m_ScenePreview": 1
  },
  "m_DurationMode": 0,
  "m_MarkerTrack": {
    "m_FileID": 0,
    "m_PathID": 0
  }
}