{
  "m_GameObject": {
    "m_FileID": 0,
    "m_PathID": 0
  },
  "m_Enabled": 1,
  "m_Script": {
    "m_FileID": 0,
    "m_PathID": -657477701292886207
  },
  "m_Name": "BackstageTalkSetTimeline112",
  "m_Version": 0,
  "m_Tracks": [
    {
      "m_FileID": 0,
      "m_PathID": -4080366153574329624
    },
    {
      "m_FileID": 0,
      "m_PathID": -2115232241904332286
    },
    {
      "m_FileID": 0,
      "m_PathID": -9153070042674962617
    },
    {
      "m_FileID": 0,
      "m_PathID": 6484824030413620766
    },
    {
      "m_FileID": 0,
      "m_PathID": 3325131587422255937
    },
    {
      "m_FileID": 0,
      "m_PathID": -8586864013262659811
    }
  ],
  "m_FixedDuration": 0.0,
  "m_EditorSettings": {
    "m_Framerate": 60.0,
    "m_ScenePreview": 1
  },
  "m_DurationMode": 0,
  "m_MarkerTrack": {
    "m_FileID": 0,
    "m_PathID": 0
  }
}