{
  "m_GameObject": {
    "m_FileID": 0,
    "m_PathID": 0
  },
  "m_Enabled": 1,
  "m_Script": {
    "m_FileID": 0,
    "m_PathID": -3939490112071904993
  },
  "m_Name": "BackstageTalkSet119",
  "backstageTalkSetId": 119,
  "snippets": [
    {
      "talkId": 1,
      "characterIds": [
        1
      ],
      "voiceId": "TalkSet119-1",
      "talkText": "ライブがしたーい！",
      "lipAnimation": "mouth_normal",
      "fontColorType": 0,
      "fontSizeType": 0,
      "balloonType": 0
    },
    {
      "talkId": 2,
      "characterIds": [
        4
      ],
      "voiceId": "TalkSet119-2",
      "talkText": "いいねー。\nいつやろうか？",
      "lipAnimation": "mouth_normal",
      "fontColorType": 0,
      "fontSizeType": 0,
      "balloonType": 0
    },
    {
      "talkId": 3,
      "characterIds": [
        2
      ],
      "voiceId": "TalkSet119-3",
      "talkText": "今から！",
      "lipAnimation": "mouth_normal",
      "fontColorType": 0,
      "fontSizeType": 0,
      "balloonType": 0
    },
    {
      "talkId": 4,
      "characterIds": [
        5
      ],
      "voiceId": "TalkSet119-4",
      "talkText": "急すぎだろ！",
      "lipAnimation": "mouth_shout",
      "fontColorType": 0,
      "fontSizeType": 2,
      "balloonType": 1
    },
    {
      "talkId": 5,
      "characterIds": [
        1
      ],
      "voiceId": "TalkSet119-5",
      "talkText": "大事なのは\nやりたいって気持ちだよ！",
      "lipAnimation": "mouth_normal",
      "fontColorType": 0,
      "fontSizeType": 0,
      "balloonType": 0
    },
    {
      "talkId": 6,
      "characterIds": [
        3
      ],
      "voiceId": "TalkSet119-6",
      "talkText": "わかるけど、\nやっぱり急だよぉ〜！",
      "lipAnimation": "mouth_shout",
      "fontColorType": 0,
      "fontSizeType": 0,
      "balloonType": 1
    }
  ]
}