{
  "m_GameObject": {
    "m_FileID": 0,
    "m_PathID": 0
  },
  "m_Enabled": 1,
  "m_Script": {
    "m_FileID": 0,
    "m_PathID": -657477701292886207
  },
  "m_Name": "BackstageTalkSetTimeline119",
  "m_Version": 0,
  "m_Tracks": [
    {
      "m_FileID": 0,
      "m_PathID": 3136322205813566180
    },
    {
      "m_FileID": 0,
      "m_PathID": -6269745081526850153
    },
    {
      "m_FileID": 0,
      "m_PathID": 3521697799702728832
    },
    {
      "m_FileID": 0,
      "m_PathID": -9067991638184098794
    },
    {
      "m_FileID": 0,
      "m_PathID": -3358533789508902965
    },
    {
      "m_FileID": 0,
      "m_PathID": 8119338939316223792
    },
    {
      "m_FileID": 0,
      "m_PathID": -4269679804420251839
    }
  ],
  "m_FixedDuration": 0.0,
  "m_EditorSettings": {
    "m_Framerate": 60.0,
    "m_ScenePreview": 1
  },
  "m_DurationMode": 0,
  "m_MarkerTrack": {
    "m_FileID": 0,
    "m_PathID": 0
  }
}