{
  "m_GameObject": {
    "m_FileID": 0,
    "m_PathID": 0
  },
  "m_Enabled": 1,
  "m_Script": {
    "m_FileID": 0,
    "m_PathID": -657477701292886207
  },
  "m_Name": "BackstageTalkSetTimeline113",
  "m_Version": 0,
  "m_Tracks": [
    {
      "m_FileID": 0,
      "m_PathID": 7048551328506396469
    },
    {
      "m_FileID": 0,
      "m_PathID": 6952250112610514775
    },
    {
      "m_FileID": 0,
      "m_PathID": -6277448388308014308
    },
    {
      "m_FileID": 0,
      "m_PathID": -8746966701807584047
    },
    {
      "m_FileID": 0,
      "m_PathID": -7532998970555980560
    },
    {
      "m_FileID": 0,
      "m_PathID": 4852913784514144054
    }
  ],
  "m_FixedDuration": 0.0,
  "m_EditorSettings": {
    "m_Framerate": 60.0,
    "m_ScenePreview": 1
  },
  "m_DurationMode": 0,
  "m_MarkerTrack": {
    "m_FileID": 0,
    "m_PathID": 0
  }
}