{
  "m_GameObject": {
    "m_FileID": 0,
    "m_PathID": 0
  },
  "m_Enabled": 1,
  "m_Script": {
    "m_FileID": 0,
    "m_PathID": -657477701292886207
  },
  "m_Name": "BackstageTalkSetTimeline120",
  "m_Version": 0,
  "m_Tracks": [
    {
      "m_FileID": 0,
      "m_PathID": -6102135380369258742
    },
    {
      "m_FileID": 0,
      "m_PathID": 1171329003431013568
    },
    {
      "m_FileID": 0,
      "m_PathID": 472381011092910154
    },
    {
      "m_FileID": 0,
      "m_PathID": 7896774649196421012
    },
    {
      "m_FileID": 0,
      "m_PathID": -1458195546389052229
    },
    {
      "m_FileID": 0,
      "m_PathID": 8836242190283248806
    },
    {
      "m_FileID": 0,
      "m_PathID": -7317544661969693298
    }
  ],
  "m_FixedDuration": 0.0,
  "m_EditorSettings": {
    "m_Framerate": 60.0,
    "m_ScenePreview": 1
  },
  "m_DurationMode": 0,
  "m_MarkerTrack": {
    "m_FileID": 0,
    "m_PathID": 0
  }
}