{
  "m_GameObject": {
    "m_FileID": 0,
    "m_PathID": 0
  },
  "m_Enabled": 1,
  "m_Script": {
    "m_FileID": 0,
    "m_PathID": -3939490112071904993
  },
  "m_Name": "BackstageTalkSet120",
  "backstageTalkSetId": 120,
  "snippets": [
    {
      "talkId": 1,
      "characterIds": [
        5
      ],
      "voiceId": "TalkSet120-1",
      "talkText": "おたえの家の\nうさぎ元気か？",
      "lipAnimation": "mouth_normal",
      "fontColorType": 0,
      "fontSizeType": 0,
      "balloonType": 0
    },
    {
      "talkId": 2,
      "characterIds": [
        2
      ],
      "voiceId": "TalkSet120-2",
      "talkText": "うん。みんな元気",
      "lipAnimation": "mouth_normal",
      "fontColorType": 0,
      "fontSizeType": 0,
      "balloonType": 0
    },
    {
      "talkId": 3,
      "characterIds": [
        3
      ],
      "voiceId": "TalkSet120-3",
      "talkText": "それにしても\n２０羽ってすごいよね",
      "lipAnimation": "mouth_normal",
      "fontColorType": 0,
      "fontSizeType": 0,
      "balloonType": 0
    },
    {
      "talkId": 4,
      "characterIds": [
        4
      ],
      "voiceId": "TalkSet120-4",
      "talkText": "やっぱり\nにんじんが好きなの？",
      "lipAnimation": "mouth_normal",
      "fontColorType": 0,
      "fontSizeType": 0,
      "balloonType": 0
    },
    {
      "talkId": 5,
      "characterIds": [
        2
      ],
      "voiceId": "TalkSet120-5",
      "talkText": "ブロッコリーとかも\n食べるよ",
      "lipAnimation": "mouth_normal",
      "fontColorType": 0,
      "fontSizeType": 0,
      "balloonType": 0
    },
    {
      "talkId": 6,
      "characterIds": [
        1
      ],
      "voiceId": "TalkSet120-6",
      "talkText": "いいなぁ、\nもふもふしたーい！",
      "lipAnimation": "mouth_normal",
      "fontColorType": 0,
      "fontSizeType": 0,
      "balloonType": 0
    }
  ]
}