{
  "m_GameObject": {
    "m_FileID": 0,
    "m_PathID": 0
  },
  "m_Enabled": 1,
  "m_Script": {
    "m_FileID": 0,
    "m_PathID": -657477701292886207
  },
  "m_Name": "BackstageTalkSetTimeline118",
  "m_Version": 0,
  "m_Tracks": [
    {
      "m_FileID": 0,
      "m_PathID": -4800485806554869746
    },
    {
      "m_FileID": 0,
      "m_PathID": -1566868603166967294
    },
    {
      "m_FileID": 0,
      "m_PathID": 9199781417399391721
    },
    {
      "m_FileID": 0,
      "m_PathID": 6274083204757592651
    },
    {
      "m_FileID": 0,
      "m_PathID": 130123502630587402
    },
    {
      "m_FileID": 0,
      "m_PathID": -7341963606824230376
    },
    {
      "m_FileID": 0,
      "m_PathID": -3196964437935918743
    }
  ],
  "m_FixedDuration": 0.0,
  "m_EditorSettings": {
    "m_Framerate": 60.0,
    "m_ScenePreview": 1
  },
  "m_DurationMode": 0,
  "m_MarkerTrack": {
    "m_FileID": 0,
    "m_PathID": 0
  }
}