{
  "m_GameObject": {
    "m_FileID": 0,
    "m_PathID": 0
  },
  "m_Enabled": 1,
  "m_Script": {
    "m_FileID": 0,
    "m_PathID": -3939490112071904993
  },
  "m_Name": "BackstageTalkSet239",
  "backstageTalkSetId": 239,
  "snippets": [
    {
      "talkId": 1,
      "characterIds": [
        4
      ],
      "voiceId": "TalkSet239-1",
      "talkText": "今日おたえが好きそうな\nヘアアクセ見つけたよ",
      "lipAnimation": "mouth_normal",
      "fontColorType": 0,
      "fontSizeType": 0,
      "balloonType": 0
    },
    {
      "talkId": 2,
      "characterIds": [
        2
      ],
      "voiceId": "TalkSet239-2",
      "talkText": "……！！　わかった。\nうさぎの形をしてるんだね",
      "lipAnimation": "mouth_normal",
      "fontColorType": 0,
      "fontSizeType": 0,
      "balloonType": 0
    },
    {
      "talkId": 3,
      "characterIds": [
        4
      ],
      "voiceId": "TalkSet239-3",
      "talkText": "ご、ごめん……\nギター型なんだ……",
      "lipAnimation": "mouth_normal",
      "fontColorType": 0,
      "fontSizeType": 0,
      "balloonType": 0
    }
  ]
}