{
  "m_GameObject": {
    "m_FileID": 0,
    "m_PathID": 0
  },
  "m_Enabled": 1,
  "m_Script": {
    "m_FileID": 0,
    "m_PathID": -3939490112071904993
  },
  "m_Name": "BackstageTalkSet240",
  "backstageTalkSetId": 240,
  "snippets": [
    {
      "talkId": 1,
      "characterIds": [
        20
      ],
      "voiceId": "TalkSet240-1",
      "talkText": "いつか真剣白刃取りを\n実践してみたいです！",
      "lipAnimation": "mouth_normal",
      "fontColorType": 0,
      "fontSizeType": 0,
      "balloonType": 0
    },
    {
      "talkId": 2,
      "characterIds": [
        2
      ],
      "voiceId": "TalkSet240-2",
      "talkText": "真剣白刃取り……\nかっこいいかも",
      "lipAnimation": "mouth_normal",
      "fontColorType": 0,
      "fontSizeType": 0,
      "balloonType": 0
    },
    {
      "talkId": 3,
      "characterIds": [
        2
      ],
      "voiceId": "TalkSet240-3",
      "talkText": "イヴ。\n私、応援するから",
      "lipAnimation": "mouth_normal",
      "fontColorType": 0,
      "fontSizeType": 0,
      "balloonType": 0
    }
  ]
}