{
  "m_GameObject": {
    "m_FileID": 0,
    "m_PathID": 0
  },
  "m_Enabled": 1,
  "m_Script": {
    "m_FileID": 0,
    "m_PathID": -3939490112071904993
  },
  "m_Name": "BackstageTalkSet236",
  "backstageTalkSetId": 236,
  "snippets": [
    {
      "talkId": 1,
      "characterIds": [
        3
      ],
      "voiceId": "TalkSet236-1",
      "talkText": "あっ、今日の帰り、\n沙綾ちゃんのとこ行くね",
      "lipAnimation": "mouth_normal",
      "fontColorType": 0,
      "fontSizeType": 0,
      "balloonType": 0
    },
    {
      "talkId": 2,
      "characterIds": [
        4
      ],
      "voiceId": "TalkSet236-2",
      "talkText": "ふふ、それじゃあ父さんに\nチョココロネ頼んでおくね",
      "lipAnimation": "mouth_normal",
      "fontColorType": 0,
      "fontSizeType": 0,
      "balloonType": 0
    }
  ]
}