{
  "m_GameObject": {
    "m_FileID": 0,
    "m_PathID": 0
  },
  "m_Enabled": 1,
  "m_Script": {
    "m_FileID": 0,
    "m_PathID": -3939490112071904993
  },
  "m_Name": "BackstageTalkSet234",
  "backstageTalkSetId": 234,
  "snippets": [
    {
      "talkId": 1,
      "characterIds": [
        3
      ],
      "voiceId": "TalkSet234-1",
      "talkText": "ん～やまぶきベーカリーの\nチョココロネは最高だよ",
      "lipAnimation": "mouth_normal",
      "fontColorType": 0,
      "fontSizeType": 0,
      "balloonType": 0
    },
    {
      "talkId": 2,
      "characterIds": [
        2
      ],
      "voiceId": "TalkSet234-2",
      "talkText": "りみは本当に、\nおいしそうに食べるなぁ",
      "lipAnimation": "mouth_normal",
      "fontColorType": 0,
      "fontSizeType": 0,
      "balloonType": 0
    }
  ]
}