{
  "m_GameObject": {
    "m_FileID": 0,
    "m_PathID": 0
  },
  "m_Enabled": 1,
  "m_Script": {
    "m_FileID": 0,
    "m_PathID": -3939490112071904993
  },
  "m_Name": "BackstageTalkSet235",
  "backstageTalkSetId": 235,
  "snippets": [
    {
      "talkId": 1,
      "characterIds": [
        2
      ],
      "voiceId": "TalkSet235-1",
      "talkText": "そろそろオッちゃんの、\n散歩の時間だ",
      "lipAnimation": "mouth_normal",
      "fontColorType": 0,
      "fontSizeType": 0,
      "balloonType": 0
    },
    {
      "talkId": 2,
      "characterIds": [
        3
      ],
      "voiceId": "TalkSet235-2",
      "talkText": "じゃあ、一緒に帰ろっか",
      "lipAnimation": "mouth_normal",
      "fontColorType": 0,
      "fontSizeType": 0,
      "balloonType": 0
    }
  ]
}