{
  "m_GameObject": {
    "m_FileID": 0,
    "m_PathID": 0
  },
  "m_Enabled": 1,
  "m_Script": {
    "m_FileID": 0,
    "m_PathID": -3939490112071904993
  },
  "m_Name": "BackstageTalkSet232",
  "backstageTalkSetId": 232,
  "snippets": [
    {
      "talkId": 1,
      "characterIds": [
        23
      ],
      "voiceId": "TalkSet232-1",
      "talkText": "有咲って、\nツインテ似合うよね～",
      "lipAnimation": "mouth_normal",
      "fontColorType": 0,
      "fontSizeType": 0,
      "balloonType": 0
    },
    {
      "talkId": 2,
      "characterIds": [
        5
      ],
      "voiceId": "TalkSet232-2",
      "talkText": "え！？　あ、あの……\nありがとうございます……",
      "lipAnimation": "mouth_normal",
      "fontColorType": 0,
      "fontSizeType": 0,
      "balloonType": 0
    },
    {
      "talkId": 3,
      "characterIds": [
        23
      ],
      "voiceId": "TalkSet232-3",
      "talkText": "あははっ♪\nもしかして照れてる？",
      "lipAnimation": "mouth_normal",
      "fontColorType": 0,
      "fontSizeType": 0,
      "balloonType": 0
    },
    {
      "talkId": 4,
      "characterIds": [
        5
      ],
      "voiceId": "TalkSet232-4",
      "talkText": "て、照れてねー……あ、\n照れてないです！",
      "lipAnimation": "mouth_normal",
      "fontColorType": 0,
      "fontSizeType": 0,
      "balloonType": 0
    }
  ]
}