{
  "m_GameObject": {
    "m_FileID": 0,
    "m_PathID": 0
  },
  "m_Enabled": 1,
  "m_Script": {
    "m_FileID": 0,
    "m_PathID": -657477701292886207
  },
  "m_Name": "BackstageTalkSetTimeline197",
  "m_Version": 0,
  "m_Tracks": [
    {
      "m_FileID": 0,
      "m_PathID": -6131325673886113770
    },
    {
      "m_FileID": 0,
      "m_PathID": 609997009606146381
    },
    {
      "m_FileID": 0,
      "m_PathID": -3375563581011254419
    },
    {
      "m_FileID": 0,
      "m_PathID": -9117163641774799861
    },
    {
      "m_FileID": 0,
      "m_PathID": -6833895702604497121
    },
    {
      "m_FileID": 0,
      "m_PathID": -3482006414475440697
    },
    {
      "m_FileID": 0,
      "m_PathID": -2264731326494471319
    }
  ],
  "m_FixedDuration": 0.0,
  "m_EditorSettings": {
    "m_Framerate": 60.0,
    "m_ScenePreview": 1
  },
  "m_DurationMode": 0,
  "m_MarkerTrack": {
    "m_FileID": 0,
    "m_PathID": 0
  }
}