{
  "m_GameObject": {
    "m_FileID": 0,
    "m_PathID": 0
  },
  "m_Enabled": 1,
  "m_Script": {
    "m_FileID": 0,
    "m_PathID": -3939490112071904993
  },
  "m_Name": "BackstageTalkSet191",
  "backstageTalkSetId": 191,
  "snippets": [
    {
      "talkId": 1,
      "characterIds": [
        19
      ],
      "voiceId": "TalkSet191-1",
      "talkText": "自撮り棒を構えて……",
      "lipAnimation": "mouth_normal",
      "fontColorType": 0,
      "fontSizeType": 0,
      "balloonType": 0
    },
    {
      "talkId": 2,
      "characterIds": [
        16
      ],
      "voiceId": "TalkSet191-2",
      "talkText": "３，２，１……",
      "lipAnimation": "mouth_normal",
      "fontColorType": 0,
      "fontSizeType": 0,
      "balloonType": 0
    },
    {
      "talkId": 3,
      "characterIds": [
        20
      ],
      "voiceId": "TalkSet191-3",
      "talkText": "どうですか？\n撮れましたか？",
      "lipAnimation": "mouth_normal",
      "fontColorType": 0,
      "fontSizeType": 0,
      "balloonType": 0
    },
    {
      "talkId": 4,
      "characterIds": [
        17
      ],
      "voiceId": "TalkSet191-4",
      "talkText": "麻弥ちゃんだけ\n写ってないよ！　あはは",
      "lipAnimation": "mouth_normal",
      "fontColorType": 0,
      "fontSizeType": 0,
      "balloonType": 0
    },
    {
      "talkId": 5,
      "characterIds": [
        18
      ],
      "voiceId": "TalkSet191-5",
      "talkText": "自撮り棒を使うのにも\nコツがいるのね",
      "lipAnimation": "mouth_normal",
      "fontColorType": 0,
      "fontSizeType": 0,
      "balloonType": 0
    },
    {
      "talkId": 6,
      "characterIds": [
        19
      ],
      "voiceId": "TalkSet191-6",
      "talkText": "彩さんもう一度レクチャー\nお願いします！",
      "lipAnimation": "mouth_normal",
      "fontColorType": 0,
      "fontSizeType": 0,
      "balloonType": 0
    }
  ]
}