{
  "m_GameObject": {
    "m_FileID": 0,
    "m_PathID": 0
  },
  "m_Enabled": 1,
  "m_Script": {
    "m_FileID": 0,
    "m_PathID": -657477701292886207
  },
  "m_Name": "BackstageTalkSetTimeline192",
  "m_Version": 0,
  "m_Tracks": [
    {
      "m_FileID": 0,
      "m_PathID": -1886182096003733432
    },
    {
      "m_FileID": 0,
      "m_PathID": 1684618090845857966
    },
    {
      "m_FileID": 0,
      "m_PathID": 8408282429160270957
    },
    {
      "m_FileID": 0,
      "m_PathID": 3922225631875510149
    },
    {
      "m_FileID": 0,
      "m_PathID": -8768095990809252124
    },
    {
      "m_FileID": 0,
      "m_PathID": 6841747722410915979
    },
    {
      "m_FileID": 0,
      "m_PathID": -7320271199415905223
    }
  ],
  "m_FixedDuration": 0.0,
  "m_EditorSettings": {
    "m_Framerate": 60.0,
    "m_ScenePreview": 1
  },
  "m_DurationMode": 0,
  "m_MarkerTrack": {
    "m_FileID": 0,
    "m_PathID": 0
  }
}