{
  "m_GameObject": {
    "m_FileID": 0,
    "m_PathID": 0
  },
  "m_Enabled": 1,
  "m_Script": {
    "m_FileID": 0,
    "m_PathID": -657477701292886207
  },
  "m_Name": "BackstageTalkSetTimeline191",
  "m_Version": 0,
  "m_Tracks": [
    {
      "m_FileID": 0,
      "m_PathID": 2361442511229267120
    },
    {
      "m_FileID": 0,
      "m_PathID": 6503294606046933235
    },
    {
      "m_FileID": 0,
      "m_PathID": -1485674258245990405
    },
    {
      "m_FileID": 0,
      "m_PathID": -4165003943415383911
    },
    {
      "m_FileID": 0,
      "m_PathID": -3687381381615522925
    },
    {
      "m_FileID": 0,
      "m_PathID": -7576629106388339652
    },
    {
      "m_FileID": 0,
      "m_PathID": -1669697609908747013
    }
  ],
  "m_FixedDuration": 0.0,
  "m_EditorSettings": {
    "m_Framerate": 60.0,
    "m_ScenePreview": 1
  },
  "m_DurationMode": 0,
  "m_MarkerTrack": {
    "m_FileID": 0,
    "m_PathID": 0
  }
}