{
  "m_GameObject": {
    "m_FileID": 0,
    "m_PathID": 0
  },
  "m_Enabled": 1,
  "m_Script": {
    "m_FileID": 0,
    "m_PathID": -657477701292886207
  },
  "m_Name": "BackstageTalkSetTimeline193",
  "m_Version": 0,
  "m_Tracks": [
    {
      "m_FileID": 0,
      "m_PathID": -8954769675791880677
    },
    {
      "m_FileID": 0,
      "m_PathID": -1283515846990123449
    },
    {
      "m_FileID": 0,
      "m_PathID": -4417707889960771940
    },
    {
      "m_FileID": 0,
      "m_PathID": 8732869896722102682
    },
    {
      "m_FileID": 0,
      "m_PathID": 5648003236222881295
    },
    {
      "m_FileID": 0,
      "m_PathID": 5170183832926284595
    },
    {
      "m_FileID": 0,
      "m_PathID": -3065350564110657119
    }
  ],
  "m_FixedDuration": 0.0,
  "m_EditorSettings": {
    "m_Framerate": 60.0,
    "m_ScenePreview": 1
  },
  "m_DurationMode": 0,
  "m_MarkerTrack": {
    "m_FileID": 0,
    "m_PathID": 0
  }
}