{
  "m_GameObject": {
    "m_FileID": 0,
    "m_PathID": 0
  },
  "m_Enabled": 1,
  "m_Script": {
    "m_FileID": 0,
    "m_PathID": -657477701292886207
  },
  "m_Name": "BackstageTalkSetTimeline199",
  "m_Version": 0,
  "m_Tracks": [
    {
      "m_FileID": 0,
      "m_PathID": 4314362963919612348
    },
    {
      "m_FileID": 0,
      "m_PathID": -999150256066772490
    },
    {
      "m_FileID": 0,
      "m_PathID": 7576709401913375089
    },
    {
      "m_FileID": 0,
      "m_PathID": -4669070170976119952
    },
    {
      "m_FileID": 0,
      "m_PathID": 2268012586561869926
    },
    {
      "m_FileID": 0,
      "m_PathID": -8460156115418218913
    },
    {
      "m_FileID": 0,
      "m_PathID": -2894643505095352585
    }
  ],
  "m_FixedDuration": 0.0,
  "m_EditorSettings": {
    "m_Framerate": 60.0,
    "m_ScenePreview": 1
  },
  "m_DurationMode": 0,
  "m_MarkerTrack": {
    "m_FileID": 0,
    "m_PathID": 0
  }
}