{
  "m_GameObject": {
    "m_FileID": 0,
    "m_PathID": 0
  },
  "m_Enabled": 1,
  "m_Script": {
    "m_FileID": 0,
    "m_PathID": -657477701292886207
  },
  "m_Name": "BackstageTalkSetTimeline198",
  "m_Version": 0,
  "m_Tracks": [
    {
      "m_FileID": 0,
      "m_PathID": 2783336217913849337
    },
    {
      "m_FileID": 0,
      "m_PathID": 3763943076587604483
    },
    {
      "m_FileID": 0,
      "m_PathID": -7832424025332805041
    },
    {
      "m_FileID": 0,
      "m_PathID": 5011670129708038025
    },
    {
      "m_FileID": 0,
      "m_PathID": 3359704586335377492
    },
    {
      "m_FileID": 0,
      "m_PathID": -5213861840212544638
    },
    {
      "m_FileID": 0,
      "m_PathID": -7305059453262187118
    }
  ],
  "m_FixedDuration": 0.0,
  "m_EditorSettings": {
    "m_Framerate": 60.0,
    "m_ScenePreview": 1
  },
  "m_DurationMode": 0,
  "m_MarkerTrack": {
    "m_FileID": 0,
    "m_PathID": 0
  }
}