{
  "m_GameObject": {
    "m_FileID": 0,
    "m_PathID": 0
  },
  "m_Enabled": 1,
  "m_Script": {
    "m_FileID": 0,
    "m_PathID": -657477701292886207
  },
  "m_Name": "BackstageTalkSetTimeline196",
  "m_Version": 0,
  "m_Tracks": [
    {
      "m_FileID": 0,
      "m_PathID": -6729541301895705578
    },
    {
      "m_FileID": 0,
      "m_PathID": 294884887121348251
    },
    {
      "m_FileID": 0,
      "m_PathID": -719600363465569019
    },
    {
      "m_FileID": 0,
      "m_PathID": -8403924217441935174
    },
    {
      "m_FileID": 0,
      "m_PathID": -2783710102821236383
    },
    {
      "m_FileID": 0,
      "m_PathID": 7954737437286491148
    },
    {
      "m_FileID": 0,
      "m_PathID": 6389264419351134003
    }
  ],
  "m_FixedDuration": 0.0,
  "m_EditorSettings": {
    "m_Framerate": 60.0,
    "m_ScenePreview": 1
  },
  "m_DurationMode": 0,
  "m_MarkerTrack": {
    "m_FileID": 0,
    "m_PathID": 0
  }
}