{
  "m_GameObject": {
    "m_FileID": 0,
    "m_PathID": 0
  },
  "m_Enabled": 1,
  "m_Script": {
    "m_FileID": 0,
    "m_PathID": -3939490112071904993
  },
  "m_Name": "BackstageTalkSet199",
  "backstageTalkSetId": 199,
  "snippets": [
    {
      "talkId": 1,
      "characterIds": [
        7
      ],
      "voiceId": "TalkSet199-1",
      "talkText": "ヴァイツェンブロート！",
      "lipAnimation": "mouth_normal",
      "fontColorType": 0,
      "fontSizeType": 2,
      "balloonType": 0
    },
    {
      "talkId": 2,
      "characterIds": [
        8
      ],
      "voiceId": "TalkSet199-2",
      "talkText": "な、何！？",
      "lipAnimation": "mouth_shout",
      "fontColorType": 0,
      "fontSizeType": 2,
      "balloonType": 1
    },
    {
      "talkId": 3,
      "characterIds": [
        7
      ],
      "voiceId": "TalkSet199-3",
      "talkText": "……っていうパンが\nあるらしい",
      "lipAnimation": "mouth_normal",
      "fontColorType": 0,
      "fontSizeType": 0,
      "balloonType": 0
    },
    {
      "talkId": 4,
      "characterIds": [
        9
      ],
      "voiceId": "TalkSet199-4",
      "talkText": "なんかカッコいいな、それ",
      "lipAnimation": "mouth_normal",
      "fontColorType": 0,
      "fontSizeType": 0,
      "balloonType": 0
    },
    {
      "talkId": 5,
      "characterIds": [
        6
      ],
      "voiceId": "TalkSet199-5",
      "talkText": "どんなパンなんだろう？",
      "lipAnimation": "mouth_normal",
      "fontColorType": 0,
      "fontSizeType": 0,
      "balloonType": 0
    },
    {
      "talkId": 6,
      "characterIds": [
        10
      ],
      "voiceId": "TalkSet199-6",
      "talkText": "想像つかないね……",
      "lipAnimation": "mouth_normal",
      "fontColorType": 0,
      "fontSizeType": 0,
      "balloonType": 0
    },
    {
      "talkId": 7,
      "characterIds": [
        7
      ],
      "voiceId": "TalkSet199-7",
      "talkText": "他にもないかなー\nおもしろい名前のパン♪",
      "lipAnimation": "mouth_normal",
      "fontColorType": 0,
      "fontSizeType": 0,
      "balloonType": 0
    }
  ]
}