{
  "m_GameObject": {
    "m_FileID": 0,
    "m_PathID": 0
  },
  "m_Enabled": 1,
  "m_Script": {
    "m_FileID": 0,
    "m_PathID": -657477701292886207
  },
  "m_Name": "BackstageTalkSetTimeline194",
  "m_Version": 0,
  "m_Tracks": [
    {
      "m_FileID": 0,
      "m_PathID": 4673044397361519373
    },
    {
      "m_FileID": 0,
      "m_PathID": -2580833674241642001
    },
    {
      "m_FileID": 0,
      "m_PathID": 2423608089777780805
    },
    {
      "m_FileID": 0,
      "m_PathID": 1717963321380291145
    },
    {
      "m_FileID": 0,
      "m_PathID": -2084548304269846505
    },
    {
      "m_FileID": 0,
      "m_PathID": -165610969365729088
    },
    {
      "m_FileID": 0,
      "m_PathID": -7601067456241310697
    }
  ],
  "m_FixedDuration": 0.0,
  "m_EditorSettings": {
    "m_Framerate": 60.0,
    "m_ScenePreview": 1
  },
  "m_DurationMode": 0,
  "m_MarkerTrack": {
    "m_FileID": 0,
    "m_PathID": 0
  }
}