{
  "m_GameObject": {
    "m_FileID": 0,
    "m_PathID": 0
  },
  "m_Enabled": 1,
  "m_Script": {
    "m_FileID": 0,
    "m_PathID": -657477701292886207
  },
  "m_Name": "BackstageTalkSetTimeline195",
  "m_Version": 0,
  "m_Tracks": [
    {
      "m_FileID": 0,
      "m_PathID": 4310463981456563582
    },
    {
      "m_FileID": 0,
      "m_PathID": -6998061761482869975
    },
    {
      "m_FileID": 0,
      "m_PathID": -4236275906246283270
    },
    {
      "m_FileID": 0,
      "m_PathID": -2689116123072557421
    },
    {
      "m_FileID": 0,
      "m_PathID": -3536934706611275082
    },
    {
      "m_FileID": 0,
      "m_PathID": 740319344310603199
    },
    {
      "m_FileID": 0,
      "m_PathID": 8032996066078007184
    }
  ],
  "m_FixedDuration": 0.0,
  "m_EditorSettings": {
    "m_Framerate": 60.0,
    "m_ScenePreview": 1
  },
  "m_DurationMode": 0,
  "m_MarkerTrack": {
    "m_FileID": 0,
    "m_PathID": 0
  }
}