{
  "m_GameObject": {
    "m_FileID": 0,
    "m_PathID": 0
  },
  "m_Enabled": 1,
  "m_Script": {
    "m_FileID": 0,
    "m_PathID": -3939490112071904993
  },
  "m_Name": "BackstageTalkSet197",
  "backstageTalkSetId": 197,
  "snippets": [
    {
      "talkId": 1,
      "characterIds": [
        9
      ],
      "voiceId": "TalkSet197-1",
      "talkText": "今日の練習、\nテンション上がったー！",
      "lipAnimation": "mouth_normal",
      "fontColorType": 0,
      "fontSizeType": 0,
      "balloonType": 0
    },
    {
      "talkId": 2,
      "characterIds": [
        10
      ],
      "voiceId": "TalkSet197-2",
      "talkText": "巴ちゃん、今日は\nノリノリだったね",
      "lipAnimation": "mouth_normal",
      "fontColorType": 0,
      "fontSizeType": 0,
      "balloonType": 0
    },
    {
      "talkId": 3,
      "characterIds": [
        8
      ],
      "voiceId": "TalkSet197-3",
      "talkText": "巴、いつもより\nかっこよかったよ！",
      "lipAnimation": "mouth_normal",
      "fontColorType": 0,
      "fontSizeType": 0,
      "balloonType": 0
    },
    {
      "talkId": 4,
      "characterIds": [
        7
      ],
      "voiceId": "TalkSet197-4",
      "talkText": "トモってたねー、トモちん",
      "lipAnimation": "mouth_normal",
      "fontColorType": 0,
      "fontSizeType": 0,
      "balloonType": 0
    },
    {
      "talkId": 5,
      "characterIds": [
        6
      ],
      "voiceId": "TalkSet197-5",
      "talkText": "また新しいモカ語出た",
      "lipAnimation": "mouth_normal",
      "fontColorType": 0,
      "fontSizeType": 0,
      "balloonType": 0
    }
  ]
}