{
  "m_GameObject": {
    "m_FileID": 0,
    "m_PathID": 0
  },
  "m_Enabled": 1,
  "m_Script": {
    "m_FileID": 0,
    "m_PathID": -3939490112071904993
  },
  "m_Name": "BackstageTalkSet195",
  "backstageTalkSetId": 195,
  "snippets": [
    {
      "talkId": 1,
      "characterIds": [
        6
      ],
      "voiceId": "TalkSet195-1",
      "talkText": "なんか食べて帰らない？",
      "lipAnimation": "mouth_normal",
      "fontColorType": 0,
      "fontSizeType": 0,
      "balloonType": 0
    },
    {
      "talkId": 2,
      "characterIds": [
        7
      ],
      "voiceId": "TalkSet195-2",
      "talkText": "ぜったいパンがいい～",
      "lipAnimation": "mouth_normal",
      "fontColorType": 0,
      "fontSizeType": 0,
      "balloonType": 0
    },
    {
      "talkId": 3,
      "characterIds": [
        9
      ],
      "voiceId": "TalkSet195-3",
      "talkText": "いや、ラーメン一択だな",
      "lipAnimation": "mouth_normal",
      "fontColorType": 0,
      "fontSizeType": 0,
      "balloonType": 0
    },
    {
      "talkId": 4,
      "characterIds": [
        8
      ],
      "voiceId": "TalkSet195-4",
      "talkText": "つぐん家のケーキが\nいいなー",
      "lipAnimation": "mouth_normal",
      "fontColorType": 0,
      "fontSizeType": 0,
      "balloonType": 0
    },
    {
      "talkId": 5,
      "characterIds": [
        6
      ],
      "voiceId": "TalkSet195-5",
      "talkText": "どうしたらいい？",
      "lipAnimation": "mouth_normal",
      "fontColorType": 0,
      "fontSizeType": 0,
      "balloonType": 0
    },
    {
      "talkId": 6,
      "characterIds": [
        10
      ],
      "voiceId": "TalkSet195-6",
      "talkText": "うーん、うーん……\nぜ、全部行こうっ！",
      "lipAnimation": "mouth_normal",
      "fontColorType": 0,
      "fontSizeType": 0,
      "balloonType": 0
    }
  ]
}