{
  "m_GameObject": {
    "m_FileID": 0,
    "m_PathID": 0
  },
  "m_Enabled": 1,
  "m_Script": {
    "m_FileID": 0,
    "m_PathID": -657477701292886207
  },
  "m_Name": "BackstageTalkSetTimeline107",
  "m_Version": 0,
  "m_Tracks": [
    {
      "m_FileID": 0,
      "m_PathID": 5364174430305367985
    },
    {
      "m_FileID": 0,
      "m_PathID": -4203504817506627807
    },
    {
      "m_FileID": 0,
      "m_PathID": 1099846621436355790
    },
    {
      "m_FileID": 0,
      "m_PathID": -5491366961573158858
    },
    {
      "m_FileID": 0,
      "m_PathID": -3905144964399745605
    },
    {
      "m_FileID": 0,
      "m_PathID": 4772806711449827029
    }
  ],
  "m_FixedDuration": 0.0,
  "m_EditorSettings": {
    "m_Framerate": 60.0,
    "m_ScenePreview": 1
  },
  "m_DurationMode": 0,
  "m_MarkerTrack": {
    "m_FileID": 0,
    "m_PathID": 0
  }
}