{
  "m_GameObject": {
    "m_FileID": 0,
    "m_PathID": 0
  },
  "m_Enabled": 1,
  "m_Script": {
    "m_FileID": 0,
    "m_PathID": -3939490112071904993
  },
  "m_Name": "BackstageTalkSet103",
  "backstageTalkSetId": 103,
  "snippets": [
    {
      "talkId": 1,
      "characterIds": [
        1
      ],
      "voiceId": "TalkSet103-1",
      "talkText": "あ、こころん！\nミッシェルがいるよ！",
      "lipAnimation": "mouth_normal",
      "fontColorType": 0,
      "fontSizeType": 0,
      "balloonType": 0
    },
    {
      "talkId": 2,
      "characterIds": [
        11
      ],
      "voiceId": "TalkSet103-2",
      "talkText": "本当ね！\nミッシェルも休憩中？",
      "lipAnimation": "mouth_normal",
      "fontColorType": 0,
      "fontSizeType": 0,
      "balloonType": 0
    },
    {
      "talkId": 3,
      "characterIds": [
        15
      ],
      "voiceId": "TalkSet103-3",
      "talkText": "う、うん、そうなんだー\nみんなもお疲れさま",
      "lipAnimation": "",
      "fontColorType": 0,
      "fontSizeType": 0,
      "balloonType": 0
    },
    {
      "talkId": 4,
      "characterIds": [
        5
      ],
      "voiceId": "TalkSet103-4",
      "talkText": "奥沢さん、おつかれ",
      "lipAnimation": "mouth_normal",
      "fontColorType": 0,
      "fontSizeType": 1,
      "balloonType": 0
    },
    {
      "talkId": 5,
      "characterIds": [
        15
      ],
      "voiceId": "TalkSet103-5",
      "talkText": "ありがとー、有咲ちゃん",
      "lipAnimation": "",
      "fontColorType": 0,
      "fontSizeType": 0,
      "balloonType": 0
    },
    {
      "talkId": 6,
      "characterIds": [
        5
      ],
      "voiceId": "TalkSet103-6",
      "talkText": "やりきってる……！",
      "lipAnimation": "mouth_normal",
      "fontColorType": 0,
      "fontSizeType": 0,
      "balloonType": 0
    }
  ]
}