{
  "m_GameObject": {
    "m_FileID": 0,
    "m_PathID": 0
  },
  "m_Enabled": 1,
  "m_Script": {
    "m_FileID": 0,
    "m_PathID": -3939490112071904993
  },
  "m_Name": "BackstageTalkSet102",
  "backstageTalkSetId": 102,
  "snippets": [
    {
      "talkId": 1,
      "characterIds": [
        15
      ],
      "voiceId": "TalkSet102-1",
      "talkText": "こんなのもあるんだ……\n買っちゃおうかな……",
      "lipAnimation": "mouth_normal",
      "fontColorType": 0,
      "fontSizeType": 0,
      "balloonType": 0
    },
    {
      "talkId": 2,
      "characterIds": [
        1
      ],
      "voiceId": "TalkSet102-2",
      "talkText": "美咲ちゃん！\n何見てるの？",
      "lipAnimation": "mouth_normal",
      "fontColorType": 0,
      "fontSizeType": 0,
      "balloonType": 0
    },
    {
      "talkId": 3,
      "characterIds": [
        15
      ],
      "voiceId": "TalkSet102-3",
      "talkText": "羊毛フェルトの本\n調べてたんだ",
      "lipAnimation": "mouth_normal",
      "fontColorType": 0,
      "fontSizeType": 0,
      "balloonType": 0
    },
    {
      "talkId": 4,
      "characterIds": [
        11
      ],
      "voiceId": "TalkSet102-4",
      "talkText": "美咲は色んなものを\nとっても上手に作るの！",
      "lipAnimation": "mouth_normal",
      "fontColorType": 0,
      "fontSizeType": 0,
      "balloonType": 0
    },
    {
      "talkId": 5,
      "characterIds": [
        5
      ],
      "voiceId": "TalkSet102-5",
      "talkText": "……盆栽もできる？",
      "lipAnimation": "mouth_normal",
      "fontColorType": 0,
      "fontSizeType": 0,
      "balloonType": 0
    },
    {
      "talkId": 6,
      "characterIds": [
        15
      ],
      "voiceId": "TalkSet102-6",
      "talkText": "ぼ、盆栽はちょっと……\nけど意外と面白いかも",
      "lipAnimation": "mouth_normal",
      "fontColorType": 0,
      "fontSizeType": 0,
      "balloonType": 0
    },
    {
      "talkId": 7,
      "characterIds": [
        15
      ],
      "voiceId": "TalkSet102-7",
      "talkText": "作ったら、市ヶ谷さんに\nチェックしてもらおうかな",
      "lipAnimation": "mouth_normal",
      "fontColorType": 0,
      "fontSizeType": 0,
      "balloonType": 0
    }
  ]
}