{
  "m_GameObject": {
    "m_FileID": 0,
    "m_PathID": 0
  },
  "m_Enabled": 1,
  "m_Script": {
    "m_FileID": 0,
    "m_PathID": -657477701292886207
  },
  "m_Name": "BackstageTalkSetTimeline101",
  "m_Version": 0,
  "m_Tracks": [
    {
      "m_FileID": 0,
      "m_PathID": 2184524575933935782
    },
    {
      "m_FileID": 0,
      "m_PathID": 761484694708631498
    },
    {
      "m_FileID": 0,
      "m_PathID": -1166290633430770393
    },
    {
      "m_FileID": 0,
      "m_PathID": -459698268615909978
    },
    {
      "m_FileID": 0,
      "m_PathID": -5811083665394839432
    },
    {
      "m_FileID": 0,
      "m_PathID": -8044955165793747833
    }
  ],
  "m_FixedDuration": 0.0,
  "m_EditorSettings": {
    "m_Framerate": 60.0,
    "m_ScenePreview": 1
  },
  "m_DurationMode": 0,
  "m_MarkerTrack": {
    "m_FileID": 0,
    "m_PathID": 0
  }
}