{
  "m_GameObject": {
    "m_FileID": 0,
    "m_PathID": 0
  },
  "m_Enabled": 1,
  "m_Script": {
    "m_FileID": 0,
    "m_PathID": -657477701292886207
  },
  "m_Name": "BackstageTalkSetTimeline103",
  "m_Version": 0,
  "m_Tracks": [
    {
      "m_FileID": 0,
      "m_PathID": 436719279005414176
    },
    {
      "m_FileID": 0,
      "m_PathID": -261873337246127709
    },
    {
      "m_FileID": 0,
      "m_PathID": -3051604153457270297
    },
    {
      "m_FileID": 0,
      "m_PathID": -5254755561107649246
    },
    {
      "m_FileID": 0,
      "m_PathID": -3317650867620136318
    },
    {
      "m_FileID": 0,
      "m_PathID": 7157912756339747736
    }
  ],
  "m_FixedDuration": 0.0,
  "m_EditorSettings": {
    "m_Framerate": 60.0,
    "m_ScenePreview": 1
  },
  "m_DurationMode": 0,
  "m_MarkerTrack": {
    "m_FileID": 0,
    "m_PathID": 0
  }
}