{
  "m_GameObject": {
    "m_FileID": 0,
    "m_PathID": 0
  },
  "m_Enabled": 1,
  "m_Script": {
    "m_FileID": 0,
    "m_PathID": -657477701292886207
  },
  "m_Name": "BackstageTalkSetTimeline106",
  "m_Version": 0,
  "m_Tracks": [
    {
      "m_FileID": 0,
      "m_PathID": -5772648890029131731
    },
    {
      "m_FileID": 0,
      "m_PathID": -6506544431266699828
    },
    {
      "m_FileID": 0,
      "m_PathID": 4162385987074617074
    },
    {
      "m_FileID": 0,
      "m_PathID": -6231045942054936491
    },
    {
      "m_FileID": 0,
      "m_PathID": 4946861707917263756
    },
    {
      "m_FileID": 0,
      "m_PathID": -3403807405872554519
    }
  ],
  "m_FixedDuration": 0.0,
  "m_EditorSettings": {
    "m_Framerate": 60.0,
    "m_ScenePreview": 1
  },
  "m_DurationMode": 0,
  "m_MarkerTrack": {
    "m_FileID": 0,
    "m_PathID": 0
  }
}