{
  "m_GameObject": {
    "m_FileID": 0,
    "m_PathID": 0
  },
  "m_Enabled": 1,
  "m_Script": {
    "m_FileID": 0,
    "m_PathID": -657477701292886207
  },
  "m_Name": "BackstageTalkSetTimeline105",
  "m_Version": 0,
  "m_Tracks": [
    {
      "m_FileID": 0,
      "m_PathID": -8792052987882346616
    },
    {
      "m_FileID": 0,
      "m_PathID": 2834810373340983123
    },
    {
      "m_FileID": 0,
      "m_PathID": -5746317166341247216
    },
    {
      "m_FileID": 0,
      "m_PathID": -3592565681995273005
    },
    {
      "m_FileID": 0,
      "m_PathID": 6996421763077174462
    },
    {
      "m_FileID": 0,
      "m_PathID": 3530547918612190523
    }
  ],
  "m_FixedDuration": 0.0,
  "m_EditorSettings": {
    "m_Framerate": 60.0,
    "m_ScenePreview": 1
  },
  "m_DurationMode": 0,
  "m_MarkerTrack": {
    "m_FileID": 0,
    "m_PathID": 0
  }
}