{
  "m_GameObject": {
    "m_FileID": 0,
    "m_PathID": 0
  },
  "m_Enabled": 1,
  "m_Script": {
    "m_FileID": 0,
    "m_PathID": -657477701292886207
  },
  "m_Name": "BackstageTalkSetTimeline110",
  "m_Version": 0,
  "m_Tracks": [
    {
      "m_FileID": 0,
      "m_PathID": 8068982081300611888
    },
    {
      "m_FileID": 0,
      "m_PathID": -1397899619913032245
    },
    {
      "m_FileID": 0,
      "m_PathID": -6089498606011161690
    },
    {
      "m_FileID": 0,
      "m_PathID": 37933981608588107
    },
    {
      "m_FileID": 0,
      "m_PathID": 6920895979175572292
    },
    {
      "m_FileID": 0,
      "m_PathID": 6725203642623701815
    },
    {
      "m_FileID": 0,
      "m_PathID": -5000674167372922516
    }
  ],
  "m_FixedDuration": 0.0,
  "m_EditorSettings": {
    "m_Framerate": 60.0,
    "m_ScenePreview": 1
  },
  "m_DurationMode": 0,
  "m_MarkerTrack": {
    "m_FileID": 0,
    "m_PathID": 0
  }
}