{
  "m_GameObject": {
    "m_FileID": 0,
    "m_PathID": 0
  },
  "m_Enabled": 1,
  "m_Script": {
    "m_FileID": 0,
    "m_PathID": -657477701292886207
  },
  "m_Name": "BackstageTalkSetTimeline102",
  "m_Version": 0,
  "m_Tracks": [
    {
      "m_FileID": 0,
      "m_PathID": 6198519953009496584
    },
    {
      "m_FileID": 0,
      "m_PathID": 2795295658407554834
    },
    {
      "m_FileID": 0,
      "m_PathID": 3449656921393105106
    },
    {
      "m_FileID": 0,
      "m_PathID": -5651211378784417185
    },
    {
      "m_FileID": 0,
      "m_PathID": 5542082624933075464
    },
    {
      "m_FileID": 0,
      "m_PathID": 4748133478626867754
    }
  ],
  "m_FixedDuration": 0.0,
  "m_EditorSettings": {
    "m_Framerate": 60.0,
    "m_ScenePreview": 1
  },
  "m_DurationMode": 0,
  "m_MarkerTrack": {
    "m_FileID": 0,
    "m_PathID": 0
  }
}