{
  "m_GameObject": {
    "m_FileID": 0,
    "m_PathID": 0
  },
  "m_Enabled": 1,
  "m_Script": {
    "m_FileID": 0,
    "m_PathID": -657477701292886207
  },
  "m_Name": "BackstageTalkSetTimeline104",
  "m_Version": 0,
  "m_Tracks": [
    {
      "m_FileID": 0,
      "m_PathID": 5709528106764767911
    },
    {
      "m_FileID": 0,
      "m_PathID": -4675592925018891097
    },
    {
      "m_FileID": 0,
      "m_PathID": -1966933244607697476
    },
    {
      "m_FileID": 0,
      "m_PathID": 906756952819918229
    },
    {
      "m_FileID": 0,
      "m_PathID": 2500686500390572194
    },
    {
      "m_FileID": 0,
      "m_PathID": -1278589548785031212
    }
  ],
  "m_FixedDuration": 0.0,
  "m_EditorSettings": {
    "m_Framerate": 60.0,
    "m_ScenePreview": 1
  },
  "m_DurationMode": 0,
  "m_MarkerTrack": {
    "m_FileID": 0,
    "m_PathID": 0
  }
}