{
  "m_GameObject": {
    "m_FileID": 0,
    "m_PathID": 0
  },
  "m_Enabled": 1,
  "m_Script": {
    "m_FileID": 0,
    "m_PathID": -657477701292886207
  },
  "m_Name": "BackstageTalkSetTimeline108",
  "m_Version": 0,
  "m_Tracks": [
    {
      "m_FileID": 0,
      "m_PathID": 2862956818423482273
    },
    {
      "m_FileID": 0,
      "m_PathID": 6187167179258991099
    },
    {
      "m_FileID": 0,
      "m_PathID": 1161578082889485506
    },
    {
      "m_FileID": 0,
      "m_PathID": -2962200738201590749
    },
    {
      "m_FileID": 0,
      "m_PathID": 843268940144426988
    },
    {
      "m_FileID": 0,
      "m_PathID": 9034372050266436473
    }
  ],
  "m_FixedDuration": 0.0,
  "m_EditorSettings": {
    "m_Framerate": 60.0,
    "m_ScenePreview": 1
  },
  "m_DurationMode": 0,
  "m_MarkerTrack": {
    "m_FileID": 0,
    "m_PathID": 0
  }
}