{
  "m_GameObject": {
    "m_FileID": 0,
    "m_PathID": 0
  },
  "m_Enabled": 1,
  "m_Script": {
    "m_FileID": 0,
    "m_PathID": -657477701292886207
  },
  "m_Name": "BackstageTalkSetTimeline109",
  "m_Version": 0,
  "m_Tracks": [
    {
      "m_FileID": 0,
      "m_PathID": -7696224731859689401
    },
    {
      "m_FileID": 0,
      "m_PathID": 9041956007420291602
    },
    {
      "m_FileID": 0,
      "m_PathID": 6989277884781912176
    },
    {
      "m_FileID": 0,
      "m_PathID": -6688129380264143362
    },
    {
      "m_FileID": 0,
      "m_PathID": 7551815728560744599
    },
    {
      "m_FileID": 0,
      "m_PathID": -8745784158431483635
    }
  ],
  "m_FixedDuration": 0.0,
  "m_EditorSettings": {
    "m_Framerate": 60.0,
    "m_ScenePreview": 1
  },
  "m_DurationMode": 0,
  "m_MarkerTrack": {
    "m_FileID": 0,
    "m_PathID": 0
  }
}