{
  "m_GameObject": {
    "m_FileID": 0,
    "m_PathID": 0
  },
  "m_Enabled": 1,
  "m_Script": {
    "m_FileID": 0,
    "m_PathID": -3939490112071904993
  },
  "m_Name": "BackstageTalkSet110",
  "backstageTalkSetId": 110,
  "snippets": [
    {
      "talkId": 1,
      "characterIds": [
        8
      ],
      "voiceId": "TalkSet110-1",
      "talkText": "小さいころの薫先輩って\nどんな人でした？",
      "lipAnimation": "mouth_normal",
      "fontColorType": 0,
      "fontSizeType": 0,
      "balloonType": 0
    },
    {
      "talkId": 2,
      "characterIds": [
        3
      ],
      "voiceId": "TalkSet110-2",
      "talkText": "わ、私も気になります！",
      "lipAnimation": "mouth_normal",
      "fontColorType": 0,
      "fontSizeType": 0,
      "balloonType": 0
    },
    {
      "talkId": 3,
      "characterIds": [
        18
      ],
      "voiceId": "TalkSet110-3",
      "talkText": "そうね……\n長くなるけれど……",
      "lipAnimation": "mouth_normal",
      "fontColorType": 0,
      "fontSizeType": 0,
      "balloonType": 0
    },
    {
      "talkId": 4,
      "characterIds": [
        12
      ],
      "voiceId": "TalkSet110-4",
      "talkText": "とても儚い幼少期を\n過ごしていたよ",
      "lipAnimation": "mouth_normal",
      "fontColorType": 0,
      "fontSizeType": 0,
      "balloonType": 0
    },
    {
      "talkId": 5,
      "characterIds": [
        8
      ],
      "voiceId": "TalkSet110-5",
      "talkText": "せ、先輩！？",
      "lipAnimation": "mouth_shout",
      "fontColorType": 0,
      "fontSizeType": 2,
      "balloonType": 1
    },
    {
      "talkId": 6,
      "characterIds": [
        3
      ],
      "voiceId": "TalkSet110-6",
      "talkText": "か、薫さん！？",
      "lipAnimation": "mouth_shout",
      "fontColorType": 0,
      "fontSizeType": 2,
      "balloonType": 1
    },
    {
      "talkId": 7,
      "characterIds": [
        12
      ],
      "voiceId": "TalkSet110-7",
      "talkText": "そうだろう、千聖？",
      "lipAnimation": "mouth_normal",
      "fontColorType": 0,
      "fontSizeType": 0,
      "balloonType": 0
    },
    {
      "talkId": 8,
      "characterIds": [
        18
      ],
      "voiceId": "TalkSet110-8",
      "talkText": "……ええ、その通りよ",
      "lipAnimation": "mouth_normal",
      "fontColorType": 0,
      "fontSizeType": 0,
      "balloonType": 0
    }
  ]
}