{
  "m_GameObject": {
    "m_FileID": 0,
    "m_PathID": 0
  },
  "m_Enabled": 1,
  "m_Script": {
    "m_FileID": 0,
    "m_PathID": -3939490112071904993
  },
  "m_Name": "BackstageTalkSet108",
  "backstageTalkSetId": 108,
  "snippets": [
    {
      "talkId": 1,
      "characterIds": [
        13
      ],
      "voiceId": "TalkSet108-1",
      "talkText": "はー、ソフトボール\n楽しかった～！",
      "lipAnimation": "mouth_normal",
      "fontColorType": 0,
      "fontSizeType": 0,
      "balloonType": 0
    },
    {
      "talkId": 2,
      "characterIds": [
        4
      ],
      "voiceId": "TalkSet108-2",
      "talkText": "ふふ、お疲れさま。\n私達も見てたよ",
      "lipAnimation": "mouth_normal",
      "fontColorType": 0,
      "fontSizeType": 0,
      "balloonType": 0
    },
    {
      "talkId": 3,
      "characterIds": [
        10
      ],
      "voiceId": "TalkSet108-3",
      "talkText": "うん、はぐみちゃん\n大活躍だったね！",
      "lipAnimation": "mouth_normal",
      "fontColorType": 0,
      "fontSizeType": 0,
      "balloonType": 0
    },
    {
      "talkId": 4,
      "characterIds": [
        9
      ],
      "voiceId": "TalkSet108-4",
      "talkText": "やっぱ見てると\n自分でもやりたくなるな",
      "lipAnimation": "mouth_normal",
      "fontColorType": 0,
      "fontSizeType": 0,
      "balloonType": 0
    },
    {
      "talkId": 5,
      "characterIds": [
        13
      ],
      "voiceId": "TalkSet108-5",
      "talkText": "ホントっ！？\nそれじゃ今からやろっ！",
      "lipAnimation": "mouth_normal",
      "fontColorType": 0,
      "fontSizeType": 0,
      "balloonType": 0
    },
    {
      "talkId": 6,
      "characterIds": [
        10
      ],
      "voiceId": "TalkSet108-6",
      "talkText": "今から！？",
      "lipAnimation": "mouth_shout",
      "fontColorType": 0,
      "fontSizeType": 2,
      "balloonType": 1
    },
    {
      "talkId": 7,
      "characterIds": [
        4
      ],
      "voiceId": "TalkSet108-7",
      "talkText": "あはは、はぐみって\nホント元気だよね！",
      "lipAnimation": "mouth_normal",
      "fontColorType": 0,
      "fontSizeType": 0,
      "balloonType": 0
    }
  ]
}