{
  "m_GameObject": {
    "m_FileID": 0,
    "m_PathID": 0
  },
  "m_Enabled": 1,
  "m_Script": {
    "m_FileID": 0,
    "m_PathID": -657477701292886207
  },
  "m_Name": "BackstageTalkSetTimeline2027",
  "m_Version": 0,
  "m_Tracks": [
    {
      "m_FileID": 0,
      "m_PathID": -2200455880336308726
    },
    {
      "m_FileID": 0,
      "m_PathID": 5568904940990430453
    },
    {
      "m_FileID": 0,
      "m_PathID": -2903424147873180342
    },
    {
      "m_FileID": 0,
      "m_PathID": -5789379380184750563
    },
    {
      "m_FileID": 0,
      "m_PathID": 6085636963470926377
    }
  ],
  "m_FixedDuration": 0.0,
  "m_EditorSettings": {
    "m_Framerate": 60.0,
    "m_ScenePreview": 1
  },
  "m_DurationMode": 0,
  "m_MarkerTrack": {
    "m_FileID": 0,
    "m_PathID": 0
  }
}