{
  "m_GameObject": {
    "m_FileID": 0,
    "m_PathID": 0
  },
  "m_Enabled": 1,
  "m_Script": {
    "m_FileID": 0,
    "m_PathID": -3939490112071904993
  },
  "m_Name": "BackstageTalkSet2030",
  "backstageTalkSetId": 2030,
  "snippets": [
    {
      "talkId": 1,
      "characterIds": [
        29
      ],
      "voiceId": "TalkSet2030-1",
      "talkText": "えへへー♪",
      "lipAnimation": "mouth_normal",
      "fontColorType": 0,
      "fontSizeType": 0,
      "balloonType": 0
    },
    {
      "talkId": 2,
      "characterIds": [
        28
      ],
      "voiceId": "TalkSet2030-2",
      "talkText": "つーちゃん機嫌いいね！\nるいるい、何かあったの？",
      "lipAnimation": "mouth_normal",
      "fontColorType": 0,
      "fontSizeType": 0,
      "balloonType": 0
    },
    {
      "talkId": 3,
      "characterIds": [
        30
      ],
      "voiceId": "TalkSet2030-3",
      "talkText": "ここに来る途中、知らない\n人に道を聞かれたのよ",
      "lipAnimation": "mouth_normal",
      "fontColorType": 0,
      "fontSizeType": 0,
      "balloonType": 0
    },
    {
      "talkId": 4,
      "characterIds": [
        29
      ],
      "voiceId": "TalkSet2030-4",
      "talkText": "私にね！　つまり頼もしく\n見えたってことだよね！",
      "lipAnimation": "mouth_normal",
      "fontColorType": 0,
      "fontSizeType": 0,
      "balloonType": 0
    },
    {
      "talkId": 5,
      "characterIds": [
        28
      ],
      "voiceId": "TalkSet2030-5",
      "talkText": "（それってるいるいが\n怖かったからじゃ……）",
      "lipAnimation": "",
      "fontColorType": 0,
      "fontSizeType": 0,
      "balloonType": 2
    },
    {
      "talkId": 6,
      "characterIds": [
        30
      ],
      "voiceId": "TalkSet2030-6",
      "talkText": "……",
      "lipAnimation": "mouth_normal",
      "fontColorType": 0,
      "fontSizeType": 0,
      "balloonType": 0
    },
    {
      "talkId": 7,
      "characterIds": [
        29
      ],
      "voiceId": "TalkSet2030-7",
      "talkText": "ふふーん♪",
      "lipAnimation": "mouth_normal",
      "fontColorType": 0,
      "fontSizeType": 0,
      "balloonType": 0
    },
    {
      "talkId": 8,
      "characterIds": [
        28
      ],
      "voiceId": "TalkSet2030-8",
      "talkText": "（ま、言わぬが花って\nやつだよね）",
      "lipAnimation": "",
      "fontColorType": 0,
      "fontSizeType": 0,
      "balloonType": 2
    }
  ]
}