{
  "m_GameObject": {
    "m_FileID": 0,
    "m_PathID": 0
  },
  "m_Enabled": 1,
  "m_Script": {
    "m_FileID": 0,
    "m_PathID": -3939490112071904993
  },
  "m_Name": "BackstageTalkSet2023",
  "backstageTalkSetId": 2023,
  "snippets": [
    {
      "talkId": 1,
      "characterIds": [
        26
      ],
      "voiceId": "TalkSet2023-1",
      "talkText": "わ～、美味しそうな\nクッキーだね",
      "lipAnimation": "mouth_normal",
      "fontColorType": 0,
      "fontSizeType": 0,
      "balloonType": 0
    },
    {
      "talkId": 2,
      "characterIds": [
        27
      ],
      "voiceId": "TalkSet2023-2",
      "talkText": "１個もらっていい？",
      "lipAnimation": "mouth_normal",
      "fontColorType": 0,
      "fontSizeType": 0,
      "balloonType": 0
    },
    {
      "talkId": 3,
      "characterIds": [
        28
      ],
      "voiceId": "TalkSet2023-3",
      "talkText": "わー！　ダメダメ！",
      "lipAnimation": "mouth_normal",
      "fontColorType": 0,
      "fontSizeType": 0,
      "balloonType": 0
    },
    {
      "talkId": 4,
      "characterIds": [
        28
      ],
      "voiceId": "TalkSet2023-4",
      "talkText": "これ、私が作った\nアクセサリーだから！",
      "lipAnimation": "mouth_normal",
      "fontColorType": 0,
      "fontSizeType": 0,
      "balloonType": 0
    },
    {
      "talkId": 5,
      "characterIds": [
        27
      ],
      "voiceId": "TalkSet2023-5",
      "talkText": "えっ？　これ偽物なの！？\nマジで！？",
      "lipAnimation": "mouth_normal",
      "fontColorType": 0,
      "fontSizeType": 0,
      "balloonType": 0
    },
    {
      "talkId": 6,
      "characterIds": [
        26
      ],
      "voiceId": "TalkSet2023-6",
      "talkText": "近くで見ても、\n本物にしか見えない……",
      "lipAnimation": "mouth_normal",
      "fontColorType": 0,
      "fontSizeType": 0,
      "balloonType": 0
    }
  ]
}