{
  "m_GameObject": {
    "m_FileID": 0,
    "m_PathID": 0
  },
  "m_Enabled": 1,
  "m_Script": {
    "m_FileID": 0,
    "m_PathID": -657477701292886207
  },
  "m_Name": "BackstageTalkSetTimeline2026",
  "m_Version": 0,
  "m_Tracks": [
    {
      "m_FileID": 0,
      "m_PathID": -3165889170159003835
    },
    {
      "m_FileID": 0,
      "m_PathID": -2746914347385642737
    },
    {
      "m_FileID": 0,
      "m_PathID": 1528603082302339891
    },
    {
      "m_FileID": 0,
      "m_PathID": 7213824313410712956
    },
    {
      "m_FileID": 0,
      "m_PathID": -9169691013512958444
    }
  ],
  "m_FixedDuration": 0.0,
  "m_EditorSettings": {
    "m_Framerate": 60.0,
    "m_ScenePreview": 1
  },
  "m_DurationMode": 0,
  "m_MarkerTrack": {
    "m_FileID": 0,
    "m_PathID": 0
  }
}