{
  "m_GameObject": {
    "m_FileID": 0,
    "m_PathID": 0
  },
  "m_Enabled": 1,
  "m_Script": {
    "m_FileID": 0,
    "m_PathID": -657477701292886207
  },
  "m_Name": "BackstageTalkSetTimeline2023",
  "m_Version": 0,
  "m_Tracks": [
    {
      "m_FileID": 0,
      "m_PathID": -5929231036419996076
    },
    {
      "m_FileID": 0,
      "m_PathID": -6898276771528061871
    },
    {
      "m_FileID": 0,
      "m_PathID": -2049664087171621174
    },
    {
      "m_FileID": 0,
      "m_PathID": 4594862067698363712
    },
    {
      "m_FileID": 0,
      "m_PathID": -2694316132444259766
    }
  ],
  "m_FixedDuration": 0.0,
  "m_EditorSettings": {
    "m_Framerate": 60.0,
    "m_ScenePreview": 1
  },
  "m_DurationMode": 0,
  "m_MarkerTrack": {
    "m_FileID": 0,
    "m_PathID": 0
  }
}