{
  "m_GameObject": {
    "m_FileID": 0,
    "m_PathID": 0
  },
  "m_Enabled": 1,
  "m_Script": {
    "m_FileID": 0,
    "m_PathID": -657477701292886207
  },
  "m_Name": "BackstageTalkSetTimeline2021",
  "m_Version": 0,
  "m_Tracks": [
    {
      "m_FileID": 0,
      "m_PathID": 1338629098418848097
    },
    {
      "m_FileID": 0,
      "m_PathID": 5588289168026850713
    },
    {
      "m_FileID": 0,
      "m_PathID": 8970525584466338413
    },
    {
      "m_FileID": 0,
      "m_PathID": 8091906653844897734
    },
    {
      "m_FileID": 0,
      "m_PathID": -3732233306084708784
    },
    {
      "m_FileID": 0,
      "m_PathID": 7348387702592342856
    }
  ],
  "m_FixedDuration": 0.0,
  "m_EditorSettings": {
    "m_Framerate": 60.0,
    "m_ScenePreview": 1
  },
  "m_DurationMode": 0,
  "m_MarkerTrack": {
    "m_FileID": 0,
    "m_PathID": 0
  }
}