{
  "m_GameObject": {
    "m_FileID": 0,
    "m_PathID": 0
  },
  "m_Enabled": 1,
  "m_Script": {
    "m_FileID": 0,
    "m_PathID": -657477701292886207
  },
  "m_Name": "BackstageTalkSetTimeline2025",
  "m_Version": 0,
  "m_Tracks": [
    {
      "m_FileID": 0,
      "m_PathID": 6022396186370408701
    },
    {
      "m_FileID": 0,
      "m_PathID": 1153805624564766770
    },
    {
      "m_FileID": 0,
      "m_PathID": -3424192113220705478
    },
    {
      "m_FileID": 0,
      "m_PathID": -4925535551213194817
    },
    {
      "m_FileID": 0,
      "m_PathID": -4571515591750989313
    }
  ],
  "m_FixedDuration": 0.0,
  "m_EditorSettings": {
    "m_Framerate": 60.0,
    "m_ScenePreview": 1
  },
  "m_DurationMode": 0,
  "m_MarkerTrack": {
    "m_FileID": 0,
    "m_PathID": 0
  }
}