{
  "m_GameObject": {
    "m_FileID": 0,
    "m_PathID": 0
  },
  "m_Enabled": 1,
  "m_Script": {
    "m_FileID": 0,
    "m_PathID": -3939490112071904993
  },
  "m_Name": "BackstageTalkSet2028",
  "backstageTalkSetId": 2028,
  "snippets": [
    {
      "talkId": 1,
      "characterIds": [
        27
      ],
      "voiceId": "TalkSet2028-1",
      "talkText": "あっ、やべ！",
      "lipAnimation": "mouth_normal",
      "fontColorType": 0,
      "fontSizeType": 0,
      "balloonType": 0
    },
    {
      "talkId": 2,
      "characterIds": [
        28
      ],
      "voiceId": "TalkSet2028-2",
      "talkText": "どうしたの？",
      "lipAnimation": "mouth_normal",
      "fontColorType": 0,
      "fontSizeType": 0,
      "balloonType": 0
    },
    {
      "talkId": 3,
      "characterIds": [
        27
      ],
      "voiceId": "TalkSet2028-3",
      "talkText": "ギター忘れた～！\n……けど、ま、いっか",
      "lipAnimation": "mouth_normal",
      "fontColorType": 0,
      "fontSizeType": 0,
      "balloonType": 0
    },
    {
      "talkId": 4,
      "characterIds": [
        30
      ],
      "voiceId": "TalkSet2028-4",
      "talkText": "いいわけないでしょう。\n練習はどうするの？",
      "lipAnimation": "mouth_normal",
      "fontColorType": 0,
      "fontSizeType": 0,
      "balloonType": 0
    },
    {
      "talkId": 5,
      "characterIds": [
        28
      ],
      "voiceId": "TalkSet2028-5",
      "talkText": "今日はエアギターで\n練習してみるとか？",
      "lipAnimation": "mouth_normal",
      "fontColorType": 0,
      "fontSizeType": 0,
      "balloonType": 0
    },
    {
      "talkId": 6,
      "characterIds": [
        27
      ],
      "voiceId": "TalkSet2028-6",
      "talkText": "ななみの意見、採用！",
      "lipAnimation": "mouth_normal",
      "fontColorType": 0,
      "fontSizeType": 0,
      "balloonType": 0
    },
    {
      "talkId": 7,
      "characterIds": [
        30
      ],
      "voiceId": "TalkSet2028-7",
      "talkText": "お喋りはいいから、\nすぐに取ってきて",
      "lipAnimation": "mouth_normal",
      "fontColorType": 0,
      "fontSizeType": 0,
      "balloonType": 0
    }
  ]
}