{
  "m_GameObject": {
    "m_FileID": 0,
    "m_PathID": 0
  },
  "m_Enabled": 1,
  "m_Script": {
    "m_FileID": 0,
    "m_PathID": -657477701292886207
  },
  "m_Name": "BackstageTalkSetTimeline2028",
  "m_Version": 0,
  "m_Tracks": [
    {
      "m_FileID": 0,
      "m_PathID": 3430738518589877503
    },
    {
      "m_FileID": 0,
      "m_PathID": 1039336237948623469
    },
    {
      "m_FileID": 0,
      "m_PathID": 6444271080249087910
    },
    {
      "m_FileID": 0,
      "m_PathID": -6644805549449203622
    },
    {
      "m_FileID": 0,
      "m_PathID": 5395808462813213028
    }
  ],
  "m_FixedDuration": 0.0,
  "m_EditorSettings": {
    "m_Framerate": 60.0,
    "m_ScenePreview": 1
  },
  "m_DurationMode": 0,
  "m_MarkerTrack": {
    "m_FileID": 0,
    "m_PathID": 0
  }
}