{
  "m_GameObject": {
    "m_FileID": 0,
    "m_PathID": 0
  },
  "m_Enabled": 1,
  "m_Script": {
    "m_FileID": 0,
    "m_PathID": -3939490112071904993
  },
  "m_Name": "BackstageTalkSet2022",
  "backstageTalkSetId": 2022,
  "snippets": [
    {
      "talkId": 1,
      "characterIds": [
        29
      ],
      "voiceId": "TalkSet2022-1",
      "talkText": "…………はぁ",
      "lipAnimation": "mouth_normal",
      "fontColorType": 0,
      "fontSizeType": 0,
      "balloonType": 0
    },
    {
      "talkId": 2,
      "characterIds": [
        26
      ],
      "voiceId": "TalkSet2022-2",
      "talkText": "つくしちゃん元気ないね。\nどうかしたの？",
      "lipAnimation": "mouth_normal",
      "fontColorType": 0,
      "fontSizeType": 0,
      "balloonType": 0
    },
    {
      "talkId": 3,
      "characterIds": [
        29
      ],
      "voiceId": "TalkSet2022-3",
      "talkText": "今日は髪が全然うまく\n結べなくて……",
      "lipAnimation": "mouth_normal",
      "fontColorType": 0,
      "fontSizeType": 0,
      "balloonType": 0
    },
    {
      "talkId": 4,
      "characterIds": [
        26
      ],
      "voiceId": "TalkSet2022-4",
      "talkText": "（いつもと同じに\n見えるけど……）",
      "lipAnimation": "",
      "fontColorType": 0,
      "fontSizeType": 0,
      "balloonType": 2
    },
    {
      "talkId": 5,
      "characterIds": [
        27
      ],
      "voiceId": "TalkSet2022-5",
      "talkText": "（どこが違うのか\n全然わかんねー……）",
      "lipAnimation": "",
      "fontColorType": 0,
      "fontSizeType": 0,
      "balloonType": 2
    },
    {
      "talkId": 6,
      "characterIds": [
        29
      ],
      "voiceId": "TalkSet2022-6",
      "talkText": "はぁ……\nテンション下がるなぁ",
      "lipAnimation": "mouth_normal",
      "fontColorType": 0,
      "fontSizeType": 0,
      "balloonType": 0
    }
  ]
}