{
  "m_GameObject": {
    "m_FileID": 0,
    "m_PathID": 0
  },
  "m_Enabled": 1,
  "m_Script": {
    "m_FileID": 0,
    "m_PathID": -657477701292886207
  },
  "m_Name": "BackstageTalkSetTimeline2029",
  "m_Version": 0,
  "m_Tracks": [
    {
      "m_FileID": 0,
      "m_PathID": 8272112623229918828
    },
    {
      "m_FileID": 0,
      "m_PathID": 1678191072297414800
    },
    {
      "m_FileID": 0,
      "m_PathID": 6329913359669078086
    },
    {
      "m_FileID": 0,
      "m_PathID": 1689970253786640099
    },
    {
      "m_FileID": 0,
      "m_PathID": -2169439916151148703
    }
  ],
  "m_FixedDuration": 0.0,
  "m_EditorSettings": {
    "m_Framerate": 60.0,
    "m_ScenePreview": 1
  },
  "m_DurationMode": 0,
  "m_MarkerTrack": {
    "m_FileID": 0,
    "m_PathID": 0
  }
}