{
  "m_GameObject": {
    "m_FileID": 0,
    "m_PathID": 0
  },
  "m_Enabled": 1,
  "m_Script": {
    "m_FileID": 0,
    "m_PathID": -657477701292886207
  },
  "m_Name": "BackstageTalkSetTimeline2024",
  "m_Version": 0,
  "m_Tracks": [
    {
      "m_FileID": 0,
      "m_PathID": 7584840726621210147
    },
    {
      "m_FileID": 0,
      "m_PathID": -8578595878861377723
    },
    {
      "m_FileID": 0,
      "m_PathID": -3296002961521033321
    },
    {
      "m_FileID": 0,
      "m_PathID": -3820808734721753397
    },
    {
      "m_FileID": 0,
      "m_PathID": 1851060813643644791
    }
  ],
  "m_FixedDuration": 0.0,
  "m_EditorSettings": {
    "m_Framerate": 60.0,
    "m_ScenePreview": 1
  },
  "m_DurationMode": 0,
  "m_MarkerTrack": {
    "m_FileID": 0,
    "m_PathID": 0
  }
}