{
  "m_GameObject": {
    "m_FileID": 0,
    "m_PathID": 0
  },
  "m_Enabled": 1,
  "m_Script": {
    "m_FileID": 0,
    "m_PathID": -3939490112071904993
  },
  "m_Name": "BackstageTalkSet2025",
  "backstageTalkSetId": 2025,
  "snippets": [
    {
      "talkId": 1,
      "characterIds": [
        28
      ],
      "voiceId": "TalkSet2025-1",
      "talkText": "Bメロのところもっと、\n盛り上がりがほしいよね",
      "lipAnimation": "mouth_normal",
      "fontColorType": 0,
      "fontSizeType": 0,
      "balloonType": 0
    },
    {
      "talkId": 2,
      "characterIds": [
        30
      ],
      "voiceId": "TalkSet2025-2",
      "talkText": "アジタートからの\nリゾルートということ？",
      "lipAnimation": "mouth_normal",
      "fontColorType": 0,
      "fontSizeType": 0,
      "balloonType": 0
    },
    {
      "talkId": 3,
      "characterIds": [
        28
      ],
      "voiceId": "TalkSet2025-3",
      "talkText": "うーん、それはちょっと\n違う気がするけど……",
      "lipAnimation": "mouth_normal",
      "fontColorType": 0,
      "fontSizeType": 0,
      "balloonType": 0
    },
    {
      "talkId": 4,
      "characterIds": [
        28
      ],
      "voiceId": "TalkSet2025-4",
      "talkText": "しろちゃんはどう思う？",
      "lipAnimation": "mouth_normal",
      "fontColorType": 0,
      "fontSizeType": 0,
      "balloonType": 0
    },
    {
      "talkId": 5,
      "characterIds": [
        26
      ],
      "voiceId": "TalkSet2025-5",
      "talkText": "ふ、二人の言ってる意味が\nよくわからないかな……",
      "lipAnimation": "mouth_normal",
      "fontColorType": 0,
      "fontSizeType": 0,
      "balloonType": 0
    }
  ]
}