{
  "m_GameObject": {
    "m_FileID": 0,
    "m_PathID": 0
  },
  "m_Enabled": 1,
  "m_Script": {
    "m_FileID": 0,
    "m_PathID": -657477701292886207
  },
  "m_Name": "BackstageTalkSetTimeline2030",
  "m_Version": 0,
  "m_Tracks": [
    {
      "m_FileID": 0,
      "m_PathID": 8223436244989084500
    },
    {
      "m_FileID": 0,
      "m_PathID": -3094894162292359315
    },
    {
      "m_FileID": 0,
      "m_PathID": 8440734587272495120
    },
    {
      "m_FileID": 0,
      "m_PathID": 277725731306453778
    },
    {
      "m_FileID": 0,
      "m_PathID": 5301370936057563011
    }
  ],
  "m_FixedDuration": 0.0,
  "m_EditorSettings": {
    "m_Framerate": 60.0,
    "m_ScenePreview": 1
  },
  "m_DurationMode": 0,
  "m_MarkerTrack": {
    "m_FileID": 0,
    "m_PathID": 0
  }
}