{
  "m_GameObject": {
    "m_FileID": 0,
    "m_PathID": 0
  },
  "m_Enabled": 1,
  "m_Script": {
    "m_FileID": 0,
    "m_PathID": -657477701292886207
  },
  "m_Name": "BackstageTalkSetTimeline2022",
  "m_Version": 0,
  "m_Tracks": [
    {
      "m_FileID": 0,
      "m_PathID": 5654847899305017276
    },
    {
      "m_FileID": 0,
      "m_PathID": 1805217172064790540
    },
    {
      "m_FileID": 0,
      "m_PathID": -7705628790115259121
    },
    {
      "m_FileID": 0,
      "m_PathID": -2365873786067902473
    },
    {
      "m_FileID": 0,
      "m_PathID": -2483467617513111955
    }
  ],
  "m_FixedDuration": 0.0,
  "m_EditorSettings": {
    "m_Framerate": 60.0,
    "m_ScenePreview": 1
  },
  "m_DurationMode": 0,
  "m_MarkerTrack": {
    "m_FileID": 0,
    "m_PathID": 0
  }
}