{
  "m_GameObject": {
    "m_FileID": 0,
    "m_PathID": 0
  },
  "m_Enabled": 1,
  "m_Script": {
    "m_FileID": 0,
    "m_PathID": -3939490112071904993
  },
  "m_Name": "BackstageTalkSet279",
  "backstageTalkSetId": 279,
  "snippets": [
    {
      "talkId": 1,
      "characterIds": [
        16
      ],
      "voiceId": "TalkSet279-1",
      "talkText": "千聖ちゃん、お疲れ様！",
      "lipAnimation": "mouth_normal",
      "fontColorType": 0,
      "fontSizeType": 0,
      "balloonType": 0
    },
    {
      "talkId": 2,
      "characterIds": [
        18
      ],
      "voiceId": "TalkSet279-2",
      "talkText": "ええ、彩ちゃんも\nお疲れ様！",
      "lipAnimation": "mouth_normal",
      "fontColorType": 0,
      "fontSizeType": 0,
      "balloonType": 0
    },
    {
      "talkId": 3,
      "characterIds": [
        16
      ],
      "voiceId": "TalkSet279-3",
      "talkText": "明日は同じ現場だよね？\nがんばろうっ！",
      "lipAnimation": "mouth_normal",
      "fontColorType": 0,
      "fontSizeType": 0,
      "balloonType": 0
    }
  ]
}