{
  "m_GameObject": {
    "m_FileID": 0,
    "m_PathID": 0
  },
  "m_Enabled": 1,
  "m_Script": {
    "m_FileID": 0,
    "m_PathID": -3939490112071904993
  },
  "m_Name": "BackstageTalkSet276",
  "backstageTalkSetId": 276,
  "snippets": [
    {
      "talkId": 1,
      "characterIds": [
        17
      ],
      "voiceId": "TalkSet276-1",
      "talkText": "それでね～\nおねーちゃんがね～",
      "lipAnimation": "mouth_normal",
      "fontColorType": 0,
      "fontSizeType": 0,
      "balloonType": 0
    },
    {
      "talkId": 2,
      "characterIds": [
        10
      ],
      "voiceId": "TalkSet276-2",
      "talkText": "ふふ、紗夜さんのこと、\n本当に好きなんですね",
      "lipAnimation": "mouth_normal",
      "fontColorType": 0,
      "fontSizeType": 0,
      "balloonType": 0
    },
    {
      "talkId": 3,
      "characterIds": [
        17
      ],
      "voiceId": "TalkSet276-3",
      "talkText": "うん、大好き！",
      "lipAnimation": "mouth_normal",
      "fontColorType": 0,
      "fontSizeType": 0,
      "balloonType": 0
    }
  ]
}