{
  "m_GameObject": {
    "m_FileID": 0,
    "m_PathID": 0
  },
  "m_Enabled": 1,
  "m_Script": {
    "m_FileID": 0,
    "m_PathID": -3939490112071904993
  },
  "m_Name": "BackstageTalkSet272",
  "backstageTalkSetId": 272,
  "snippets": [
    {
      "talkId": 1,
      "characterIds": [
        9
      ],
      "voiceId": "TalkSet272-1",
      "talkText": "瀬田先輩が演技の練習\nしてるとこ見ましたよ",
      "lipAnimation": "mouth_normal",
      "fontColorType": 0,
      "fontSizeType": 0,
      "balloonType": 0
    },
    {
      "talkId": 2,
      "characterIds": [
        9
      ],
      "voiceId": "TalkSet272-2",
      "talkText": "あの決闘のシーン、\nすごい熱かったです！",
      "lipAnimation": "mouth_normal",
      "fontColorType": 0,
      "fontSizeType": 0,
      "balloonType": 0
    },
    {
      "talkId": 3,
      "characterIds": [
        12
      ],
      "voiceId": "TalkSet272-3",
      "talkText": "ふふ、ありがとう。\n本番も楽しみにしててくれ",
      "lipAnimation": "mouth_normal",
      "fontColorType": 0,
      "fontSizeType": 0,
      "balloonType": 0
    }
  ]
}