{
  "m_GameObject": {
    "m_FileID": 0,
    "m_PathID": 0
  },
  "m_Enabled": 1,
  "m_Script": {
    "m_FileID": 0,
    "m_PathID": -657477701292886207
  },
  "m_Name": "BackstageTalkSetTimeline279",
  "m_Version": 0,
  "m_Tracks": [
    {
      "m_FileID": 0,
      "m_PathID": -2573822088797129227
    },
    {
      "m_FileID": 0,
      "m_PathID": 5023166202754190579
    },
    {
      "m_FileID": 0,
      "m_PathID": -4490017636860156029
    },
    {
      "m_FileID": 0,
      "m_PathID": -6333498382618170248
    },
    {
      "m_FileID": 0,
      "m_PathID": -6876265353516325212
    }
  ],
  "m_FixedDuration": 0.0,
  "m_EditorSettings": {
    "m_Framerate": 60.0,
    "m_ScenePreview": 1
  },
  "m_DurationMode": 0,
  "m_MarkerTrack": {
    "m_FileID": 0,
    "m_PathID": 0
  }
}