{
  "m_GameObject": {
    "m_FileID": 0,
    "m_PathID": 0
  },
  "m_Enabled": 1,
  "m_Script": {
    "m_FileID": 0,
    "m_PathID": -3939490112071904993
  },
  "m_Name": "BackstageTalkSet273",
  "backstageTalkSetId": 273,
  "snippets": [
    {
      "talkId": 1,
      "characterIds": [
        22
      ],
      "voiceId": "TalkSet273-1",
      "talkText": "あこさんは、楽しそうに\n巴さんの話をするんです",
      "lipAnimation": "mouth_normal",
      "fontColorType": 0,
      "fontSizeType": 0,
      "balloonType": 0
    },
    {
      "talkId": 2,
      "characterIds": [
        9
      ],
      "voiceId": "TalkSet273-2",
      "talkText": "Roseliaの話も\n楽しそうにしてますよ！",
      "lipAnimation": "mouth_normal",
      "fontColorType": 0,
      "fontSizeType": 0,
      "balloonType": 0
    }
  ]
}