{
  "m_GameObject": {
    "m_FileID": 0,
    "m_PathID": 0
  },
  "m_Enabled": 1,
  "m_Script": {
    "m_FileID": 0,
    "m_PathID": -657477701292886207
  },
  "m_Name": "BackstageTalkSetTimeline271",
  "m_Version": 0,
  "m_Tracks": [
    {
      "m_FileID": 0,
      "m_PathID": 8381874577670999728
    },
    {
      "m_FileID": 0,
      "m_PathID": 771078590276756716
    },
    {
      "m_FileID": 0,
      "m_PathID": 8842238428804009881
    },
    {
      "m_FileID": 0,
      "m_PathID": 6336741152430588972
    },
    {
      "m_FileID": 0,
      "m_PathID": 4463141297406498536
    }
  ],
  "m_FixedDuration": 0.0,
  "m_EditorSettings": {
    "m_Framerate": 60.0,
    "m_ScenePreview": 1
  },
  "m_DurationMode": 0,
  "m_MarkerTrack": {
    "m_FileID": 0,
    "m_PathID": 0
  }
}