{
  "m_GameObject": {
    "m_FileID": 0,
    "m_PathID": 0
  },
  "m_Enabled": 1,
  "m_Script": {
    "m_FileID": 0,
    "m_PathID": -3939490112071904993
  },
  "m_Name": "BackstageTalkSet280",
  "backstageTalkSetId": 280,
  "snippets": [
    {
      "talkId": 1,
      "characterIds": [
        18
      ],
      "voiceId": "TalkSet280-1",
      "talkText": "彩ちゃん、今度\nソロのお仕事があるのね",
      "lipAnimation": "mouth_normal",
      "fontColorType": 0,
      "fontSizeType": 0,
      "balloonType": 0
    },
    {
      "talkId": 2,
      "characterIds": [
        16
      ],
      "voiceId": "TalkSet280-2",
      "talkText": "そうなんだよ～！\nうぅ、今から緊張する……",
      "lipAnimation": "mouth_normal",
      "fontColorType": 0,
      "fontSizeType": 0,
      "balloonType": 0
    }
  ]
}