{
  "m_GameObject": {
    "m_FileID": 0,
    "m_PathID": 0
  },
  "m_Enabled": 1,
  "m_Script": {
    "m_FileID": 0,
    "m_PathID": -3939490112071904993
  },
  "m_Name": "BackstageTalkSet275",
  "backstageTalkSetId": 275,
  "snippets": [
    {
      "talkId": 1,
      "characterIds": [
        17
      ],
      "voiceId": "TalkSet275-1",
      "talkText": "つぐちゃん家のコーヒー、\nすっごくいい香りだよね",
      "lipAnimation": "mouth_normal",
      "fontColorType": 0,
      "fontSizeType": 0,
      "balloonType": 0
    },
    {
      "talkId": 2,
      "characterIds": [
        17
      ],
      "voiceId": "TalkSet275-2",
      "talkText": "うんうん……\nつぐちゃんもいい香り",
      "lipAnimation": "mouth_normal",
      "fontColorType": 0,
      "fontSizeType": 0,
      "balloonType": 0
    },
    {
      "talkId": 3,
      "characterIds": [
        10
      ],
      "voiceId": "TalkSet275-3",
      "talkText": "ひ、日菜先輩！\n恥ずかしいですよ〜！",
      "lipAnimation": "mouth_normal",
      "fontColorType": 0,
      "fontSizeType": 0,
      "balloonType": 0
    }
  ]
}