{
  "m_GameObject": {
    "m_FileID": 0,
    "m_PathID": 0
  },
  "m_Enabled": 1,
  "m_Script": {
    "m_FileID": 0,
    "m_PathID": -3939490112071904993
  },
  "m_Name": "BackstageTalkSet277",
  "backstageTalkSetId": 277,
  "snippets": [
    {
      "talkId": 1,
      "characterIds": [
        10
      ],
      "voiceId": "TalkSet277-1",
      "talkText": "来週のバイトの日、\n一緒だったよ！",
      "lipAnimation": "mouth_normal",
      "fontColorType": 0,
      "fontSizeType": 0,
      "balloonType": 0
    },
    {
      "talkId": 2,
      "characterIds": [
        20
      ],
      "voiceId": "TalkSet277-2",
      "talkText": "本当ですか！？\nそれは楽しみですっ！",
      "lipAnimation": "mouth_normal",
      "fontColorType": 0,
      "fontSizeType": 0,
      "balloonType": 0
    }
  ]
}