{
  "m_GameObject": {
    "m_FileID": 0,
    "m_PathID": 0
  },
  "m_Enabled": 1,
  "m_Script": {
    "m_FileID": 0,
    "m_PathID": -3939490112071904993
  },
  "m_Name": "BackstageTalkSet205",
  "backstageTalkSetId": 205,
  "snippets": [
    {
      "talkId": 1,
      "characterIds": [
        4
      ],
      "voiceId": "TalkSet205-1",
      "talkText": "うーん……\nこのアクセもいいなー",
      "lipAnimation": "mouth_normal",
      "fontColorType": 0,
      "fontSizeType": 0,
      "balloonType": 0
    },
    {
      "talkId": 2,
      "characterIds": [
        1
      ],
      "voiceId": "TalkSet205-2",
      "talkText": "さーや、何読んでるの？",
      "lipAnimation": "mouth_normal",
      "fontColorType": 0,
      "fontSizeType": 0,
      "balloonType": 0
    },
    {
      "talkId": 3,
      "characterIds": [
        4
      ],
      "voiceId": "TalkSet205-3",
      "talkText": "ファッション雑誌だよ。\nあ、このアクセ、星形だ",
      "lipAnimation": "mouth_normal",
      "fontColorType": 0,
      "fontSizeType": 0,
      "balloonType": 0
    },
    {
      "talkId": 4,
      "characterIds": [
        1
      ],
      "voiceId": "TalkSet205-4",
      "talkText": "ホント！？\n私にも見せて見せてー！",
      "lipAnimation": "mouth_normal",
      "fontColorType": 0,
      "fontSizeType": 0,
      "balloonType": 0
    }
  ]
}