{
  "m_GameObject": {
    "m_FileID": 0,
    "m_PathID": 0
  },
  "m_Enabled": 1,
  "m_Script": {
    "m_FileID": 0,
    "m_PathID": -3939490112071904993
  },
  "m_Name": "BackstageTalkSet202",
  "backstageTalkSetId": 202,
  "snippets": [
    {
      "talkId": 1,
      "characterIds": [
        2
      ],
      "voiceId": "TalkSet202-1",
      "talkText": "香澄の髪型って、\nどうやって作るの？",
      "lipAnimation": "mouth_normal",
      "fontColorType": 0,
      "fontSizeType": 0,
      "balloonType": 0
    },
    {
      "talkId": 2,
      "characterIds": [
        1
      ],
      "voiceId": "TalkSet202-2",
      "talkText": "おたえも\nこの髪型にする？",
      "lipAnimation": "mouth_normal",
      "fontColorType": 0,
      "fontSizeType": 0,
      "balloonType": 0
    },
    {
      "talkId": 3,
      "characterIds": [
        2
      ],
      "voiceId": "TalkSet202-3",
      "talkText": "ううん、うさぎ耳の\n髪型にしたいんだ",
      "lipAnimation": "mouth_normal",
      "fontColorType": 0,
      "fontSizeType": 0,
      "balloonType": 0
    },
    {
      "talkId": 4,
      "characterIds": [
        1
      ],
      "voiceId": "TalkSet202-4",
      "talkText": "うさぎ耳！\nやってみようっ！",
      "lipAnimation": "mouth_normal",
      "fontColorType": 0,
      "fontSizeType": 0,
      "balloonType": 0
    }
  ]
}