{
  "m_GameObject": {
    "m_FileID": 0,
    "m_PathID": 0
  },
  "m_Enabled": 1,
  "m_Script": {
    "m_FileID": 0,
    "m_PathID": -3939490112071904993
  },
  "m_Name": "BackstageTalkSet210",
  "backstageTalkSetId": 210,
  "snippets": [
    {
      "talkId": 1,
      "characterIds": [
        16
      ],
      "voiceId": "TalkSet210-1",
      "talkText": "今度一緒に、\nショッピング行かない？",
      "lipAnimation": "mouth_normal",
      "fontColorType": 0,
      "fontSizeType": 0,
      "balloonType": 0
    },
    {
      "talkId": 2,
      "characterIds": [
        1
      ],
      "voiceId": "TalkSet210-2",
      "talkText": "わっ、行きたいですっ！",
      "lipAnimation": "mouth_normal",
      "fontColorType": 0,
      "fontSizeType": 0,
      "balloonType": 0
    },
    {
      "talkId": 3,
      "characterIds": [
        16
      ],
      "voiceId": "TalkSet210-3",
      "talkText": "ホントっ！？\nえへへ、楽しみだなー",
      "lipAnimation": "mouth_normal",
      "fontColorType": 0,
      "fontSizeType": 0,
      "balloonType": 0
    }
  ]
}