{
  "m_GameObject": {
    "m_FileID": 0,
    "m_PathID": 0
  },
  "m_Enabled": 1,
  "m_Script": {
    "m_FileID": 0,
    "m_PathID": -3939490112071904993
  },
  "m_Name": "BackstageTalkSet206",
  "backstageTalkSetId": 206,
  "snippets": [
    {
      "talkId": 1,
      "characterIds": [
        1
      ],
      "voiceId": "TalkSet206-1",
      "talkText": "蘭ちゃんっていつも、\nかっこいいよねー！",
      "lipAnimation": "mouth_normal",
      "fontColorType": 0,
      "fontSizeType": 0,
      "balloonType": 0
    },
    {
      "talkId": 2,
      "characterIds": [
        6
      ],
      "voiceId": "TalkSet206-2",
      "talkText": "べ、別に普通だよ",
      "lipAnimation": "mouth_normal",
      "fontColorType": 0,
      "fontSizeType": 0,
      "balloonType": 0
    },
    {
      "talkId": 3,
      "characterIds": [
        1
      ],
      "voiceId": "TalkSet206-3",
      "talkText": "その受け答えが、\nかっこいい……っ！",
      "lipAnimation": "mouth_normal",
      "fontColorType": 0,
      "fontSizeType": 0,
      "balloonType": 0
    }
  ]
}