{
  "m_GameObject": {
    "m_FileID": 0,
    "m_PathID": 0
  },
  "m_Enabled": 1,
  "m_Script": {
    "m_FileID": 0,
    "m_PathID": -3939490112071904993
  },
  "m_Name": "BackstageTalkSet154",
  "backstageTalkSetId": 154,
  "snippets": [
    {
      "talkId": 1,
      "characterIds": [
        24
      ],
      "voiceId": "TalkSet154-1",
      "talkText": "あこってる！",
      "lipAnimation": "mouth_normal",
      "fontColorType": 0,
      "fontSizeType": 0,
      "balloonType": 0
    },
    {
      "talkId": 2,
      "characterIds": [
        10
      ],
      "voiceId": "TalkSet154-2",
      "talkText": "ど、どういう意味？",
      "lipAnimation": "mouth_normal",
      "fontColorType": 0,
      "fontSizeType": 0,
      "balloonType": 0
    },
    {
      "talkId": 3,
      "characterIds": [
        24
      ],
      "voiceId": "TalkSet154-3",
      "talkText": "これから考える！",
      "lipAnimation": "mouth_normal",
      "fontColorType": 0,
      "fontSizeType": 0,
      "balloonType": 0
    }
  ]
}