{
  "m_GameObject": {
    "m_FileID": 0,
    "m_PathID": 0
  },
  "m_Enabled": 1,
  "m_Script": {
    "m_FileID": 0,
    "m_PathID": -3939490112071904993
  },
  "m_Name": "BackstageTalkSet159",
  "backstageTalkSetId": 159,
  "snippets": [
    {
      "talkId": 1,
      "characterIds": [
        12
      ],
      "voiceId": "TalkSet159-1",
      "talkText": "あぁ、ここで会えるとは\n運命かもしれないね？",
      "lipAnimation": "mouth_normal",
      "fontColorType": 0,
      "fontSizeType": 0,
      "balloonType": 0
    },
    {
      "talkId": 2,
      "characterIds": [
        18
      ],
      "voiceId": "TalkSet159-2",
      "talkText": "偶然よ",
      "lipAnimation": "mouth_normal",
      "fontColorType": 0,
      "fontSizeType": 0,
      "balloonType": 0
    }
  ]
}