{
  "m_GameObject": {
    "m_FileID": 0,
    "m_PathID": 0
  },
  "m_Enabled": 1,
  "m_Script": {
    "m_FileID": 0,
    "m_PathID": -3939490112071904993
  },
  "m_Name": "BackstageTalkSet158",
  "backstageTalkSetId": 158,
  "snippets": [
    {
      "talkId": 1,
      "characterIds": [
        18
      ],
      "voiceId": "TalkSet158-1",
      "talkText": "ここ使ってもいいかしら？",
      "lipAnimation": "mouth_normal",
      "fontColorType": 0,
      "fontSizeType": 0,
      "balloonType": 0
    },
    {
      "talkId": 2,
      "characterIds": [
        12
      ],
      "voiceId": "TalkSet158-2",
      "talkText": "もちろん！　二人で\n語らおうじゃないか",
      "lipAnimation": "mouth_normal",
      "fontColorType": 0,
      "fontSizeType": 0,
      "balloonType": 0
    },
    {
      "talkId": 3,
      "characterIds": [
        18
      ],
      "voiceId": "TalkSet158-3",
      "talkText": "……用事を思い出したから\nやっぱり失礼するわ",
      "lipAnimation": "mouth_normal",
      "fontColorType": 0,
      "fontSizeType": 0,
      "balloonType": 0
    }
  ]
}