{
  "m_GameObject": {
    "m_FileID": 0,
    "m_PathID": 0
  },
  "m_Enabled": 1,
  "m_Script": {
    "m_FileID": 0,
    "m_PathID": -3939490112071904993
  },
  "m_Name": "BackstageTalkSet153",
  "backstageTalkSetId": 153,
  "snippets": [
    {
      "talkId": 1,
      "characterIds": [
        10
      ],
      "voiceId": "TalkSet153-1",
      "talkText": "おすすめの紅茶、\n美味しかったです！",
      "lipAnimation": "mouth_normal",
      "fontColorType": 0,
      "fontSizeType": 0,
      "balloonType": 0
    },
    {
      "talkId": 2,
      "characterIds": [
        14
      ],
      "voiceId": "TalkSet153-2",
      "talkText": "本当？　気に入って\nもらえてよかった〜",
      "lipAnimation": "mouth_normal",
      "fontColorType": 0,
      "fontSizeType": 0,
      "balloonType": 0
    }
  ]
}