{
  "m_GameObject": {
    "m_FileID": 0,
    "m_PathID": 0
  },
  "m_Enabled": 1,
  "m_Script": {
    "m_FileID": 0,
    "m_PathID": -3939490112071904993
  },
  "m_Name": "BackstageTalkSet160",
  "backstageTalkSetId": 160,
  "snippets": [
    {
      "talkId": 1,
      "characterIds": [
        13
      ],
      "voiceId": "TalkSet160-1",
      "talkText": "はぐみ今日ね、\nホームラン打ったんだ！",
      "lipAnimation": "mouth_normal",
      "fontColorType": 0,
      "fontSizeType": 0,
      "balloonType": 0
    },
    {
      "talkId": 2,
      "characterIds": [
        19
      ],
      "voiceId": "TalkSet160-2",
      "talkText": "おぉ！\nおめでとうございます！",
      "lipAnimation": "mouth_normal",
      "fontColorType": 0,
      "fontSizeType": 0,
      "balloonType": 0
    },
    {
      "talkId": 3,
      "characterIds": [
        13
      ],
      "voiceId": "TalkSet160-3",
      "talkText": "カーン、ビューン、わ～！\n……って感じだったよ！",
      "lipAnimation": "mouth_normal",
      "fontColorType": 0,
      "fontSizeType": 0,
      "balloonType": 0
    }
  ]
}