{
  "m_GameObject": {
    "m_FileID": 0,
    "m_PathID": 0
  },
  "m_Enabled": 1,
  "m_Script": {
    "m_FileID": 0,
    "m_PathID": -3939490112071904993
  },
  "m_Name": "BackstageTalkSet2003",
  "backstageTalkSetId": 2003,
  "snippets": [
    {
      "talkId": 1,
      "characterIds": [
        26
      ],
      "voiceId": "TalkSet2003-1",
      "talkText": "るいさんって、\n予定がない時何してるの？",
      "lipAnimation": "mouth_normal",
      "fontColorType": 0,
      "fontSizeType": 0,
      "balloonType": 0
    },
    {
      "talkId": 2,
      "characterIds": [
        30
      ],
      "voiceId": "TalkSet2003-2",
      "talkText": "そもそも\n予定がない時がないわね",
      "lipAnimation": "mouth_normal",
      "fontColorType": 0,
      "fontSizeType": 0,
      "balloonType": 0
    },
    {
      "talkId": 3,
      "characterIds": [
        30
      ],
      "voiceId": "TalkSet2003-3",
      "talkText": "１日の行動はきちんと\n計画立てているから",
      "lipAnimation": "mouth_normal",
      "fontColorType": 0,
      "fontSizeType": 0,
      "balloonType": 0
    },
    {
      "talkId": 4,
      "characterIds": [
        26
      ],
      "voiceId": "TalkSet2003-4",
      "talkText": "さ、さすがるいさん……",
      "lipAnimation": "mouth_normal",
      "fontColorType": 0,
      "fontSizeType": 0,
      "balloonType": 0
    }
  ]
}