{
  "m_GameObject": {
    "m_FileID": 0,
    "m_PathID": 0
  },
  "m_Enabled": 1,
  "m_Script": {
    "m_FileID": 0,
    "m_PathID": -3939490112071904993
  },
  "m_Name": "BackstageTalkSet2006",
  "backstageTalkSetId": 2006,
  "snippets": [
    {
      "talkId": 1,
      "characterIds": [
        26
      ],
      "voiceId": "TalkSet2006-1",
      "talkText": "つくしちゃん、この問題が\nわからないんだけど……",
      "lipAnimation": "mouth_normal",
      "fontColorType": 0,
      "fontSizeType": 0,
      "balloonType": 0
    },
    {
      "talkId": 2,
      "characterIds": [
        29
      ],
      "voiceId": "TalkSet2006-2",
      "talkText": "しょうがないな～！\nちょっと見せて！",
      "lipAnimation": "mouth_normal",
      "fontColorType": 0,
      "fontSizeType": 0,
      "balloonType": 0
    },
    {
      "talkId": 3,
      "characterIds": [
        29
      ],
      "voiceId": "TalkSet2006-3",
      "talkText": "…………",
      "lipAnimation": "mouth_normal",
      "fontColorType": 0,
      "fontSizeType": 0,
      "balloonType": 0
    },
    {
      "talkId": 4,
      "characterIds": [
        29
      ],
      "voiceId": "TalkSet2006-4",
      "talkText": "や、やっぱりこういうのは\n自分で解かないとね！",
      "lipAnimation": "mouth_normal",
      "fontColorType": 0,
      "fontSizeType": 0,
      "balloonType": 0
    }
  ]
}