{
  "m_GameObject": {
    "m_FileID": 0,
    "m_PathID": 0
  },
  "m_Enabled": 1,
  "m_Script": {
    "m_FileID": 0,
    "m_PathID": -3939490112071904993
  },
  "m_Name": "BackstageTalkSet2010",
  "backstageTalkSetId": 2010,
  "snippets": [
    {
      "talkId": 1,
      "characterIds": [
        30
      ],
      "voiceId": "TalkSet2010-1",
      "talkText": "数学の小テスト、\nかんばしくなかったようね",
      "lipAnimation": "mouth_normal",
      "fontColorType": 0,
      "fontSizeType": 0,
      "balloonType": 0
    },
    {
      "talkId": 2,
      "characterIds": [
        27
      ],
      "voiceId": "TalkSet2010-2",
      "talkText": "勉強とかミクロンだから！\nまあなんとかなるっしょ！",
      "lipAnimation": "mouth_normal",
      "fontColorType": 0,
      "fontSizeType": 0,
      "balloonType": 0
    },
    {
      "talkId": 3,
      "characterIds": [
        30
      ],
      "voiceId": "TalkSet2010-3",
      "talkText": "あなた、ミクロンの意味も\nわかってないでしょう",
      "lipAnimation": "mouth_normal",
      "fontColorType": 0,
      "fontSizeType": 0,
      "balloonType": 0
    },
    {
      "talkId": 4,
      "characterIds": [
        27
      ],
      "voiceId": "TalkSet2010-4",
      "talkText": "み、ミクロンは\nミクロンじゃん！",
      "lipAnimation": "mouth_normal",
      "fontColorType": 0,
      "fontSizeType": 0,
      "balloonType": 0
    }
  ]
}