{
  "m_GameObject": {
    "m_FileID": 0,
    "m_PathID": 0
  },
  "m_Enabled": 1,
  "m_Script": {
    "m_FileID": 0,
    "m_PathID": -3939490112071904993
  },
  "m_Name": "BackstageTalkSet12",
  "backstageTalkSetId": 12,
  "snippets": [
    {
      "talkId": 1,
      "characterIds": [
        11
      ],
      "voiceId": "TalkSet12-1",
      "talkText": "ハッピー！　ラッキー！\nスマイル！　イエーイ！",
      "lipAnimation": "mouth_shout",
      "fontColorType": 0,
      "fontSizeType": 2,
      "balloonType": 1
    },
    {
      "talkId": 2,
      "characterIds": [
        1
      ],
      "voiceId": "TalkSet12-2",
      "talkText": "ポピパ！　ピポパ！\nポピパパ！　ピポパ！",
      "lipAnimation": "mouth_shout",
      "fontColorType": 0,
      "fontSizeType": 2,
      "balloonType": 1
    }
  ]
}