{
  "m_GameObject": {
    "m_FileID": 0,
    "m_PathID": 0
  },
  "m_Enabled": 1,
  "m_Script": {
    "m_FileID": 0,
    "m_PathID": -3939490112071904993
  },
  "m_Name": "BackstageTalkSet16",
  "backstageTalkSetId": 16,
  "snippets": [
    {
      "talkId": 1,
      "characterIds": [
        4
      ],
      "voiceId": "TalkSet16-1",
      "talkText": "はぐみのお家の\nコロッケ美味しいよね",
      "lipAnimation": "mouth_normal",
      "fontColorType": 0,
      "fontSizeType": 0,
      "balloonType": 0
    },
    {
      "talkId": 2,
      "characterIds": [
        13
      ],
      "voiceId": "TalkSet16-2",
      "talkText": "さーやのお家の\nパンもおいしいよっ！",
      "lipAnimation": "mouth_normal",
      "fontColorType": 0,
      "fontSizeType": 0,
      "balloonType": 0
    }
  ]
}