{
  "m_GameObject": {
    "m_FileID": 0,
    "m_PathID": 0
  },
  "m_Enabled": 1,
  "m_Script": {
    "m_FileID": 0,
    "m_PathID": -3939490112071904993
  },
  "m_Name": "BackstageTalkSet15",
  "backstageTalkSetId": 15,
  "snippets": [
    {
      "talkId": 1,
      "characterIds": [
        12
      ],
      "voiceId": "TalkSet15-1",
      "talkText": "おや、りみちゃん。\nキミも来ていたんだね",
      "lipAnimation": "mouth_normal",
      "fontColorType": 0,
      "fontSizeType": 0,
      "balloonType": 0
    },
    {
      "talkId": 2,
      "characterIds": [
        3
      ],
      "voiceId": "TalkSet15-2",
      "talkText": "かっ、薫さん……！\nあ、あ、あの……！",
      "lipAnimation": "mouth_normal",
      "fontColorType": 0,
      "fontSizeType": 0,
      "balloonType": 0
    },
    {
      "talkId": 3,
      "characterIds": [
        3
      ],
      "voiceId": "TalkSet15-3",
      "talkText": "し、失礼しますっ",
      "lipAnimation": "mouth_shout",
      "fontColorType": 0,
      "fontSizeType": 2,
      "balloonType": 1
    }
  ]
}