{
  "m_GameObject": {
    "m_FileID": 0,
    "m_PathID": 0
  },
  "m_Enabled": 1,
  "m_Script": {
    "m_FileID": 0,
    "m_PathID": -3939490112071904993
  },
  "m_Name": "BackstageTalkSet17",
  "backstageTalkSetId": 17,
  "snippets": [
    {
      "talkId": 1,
      "characterIds": [
        4
      ],
      "voiceId": "TalkSet17-1",
      "talkText": "はぐみに似合いそうな\nヘアアクセ見つけたんだ",
      "lipAnimation": "mouth_normal",
      "fontColorType": 0,
      "fontSizeType": 0,
      "balloonType": 0
    },
    {
      "talkId": 2,
      "characterIds": [
        13
      ],
      "voiceId": "TalkSet17-2",
      "talkText": "はぐみに似合うかな？",
      "lipAnimation": "mouth_normal",
      "fontColorType": 0,
      "fontSizeType": 0,
      "balloonType": 0
    },
    {
      "talkId": 3,
      "characterIds": [
        4
      ],
      "voiceId": "TalkSet17-3",
      "talkText": "絶対似合うよ！\n今度持ってくるね",
      "lipAnimation": "mouth_normal",
      "fontColorType": 0,
      "fontSizeType": 0,
      "balloonType": 0
    }
  ]
}