{
  "m_GameObject": {
    "m_FileID": 0,
    "m_PathID": 0
  },
  "m_Enabled": 1,
  "m_Script": {
    "m_FileID": 0,
    "m_PathID": -657477701292886207
  },
  "m_Name": "BackstageTalkSetTimeline18",
  "m_Version": 0,
  "m_Tracks": [
    {
      "m_FileID": 0,
      "m_PathID": -1013434712402828431
    },
    {
      "m_FileID": 0,
      "m_PathID": -7083699817964845782
    },
    {
      "m_FileID": 0,
      "m_PathID": -3311654880730603886
    },
    {
      "m_FileID": 0,
      "m_PathID": 4191784080064431170
    },
    {
      "m_FileID": 0,
      "m_PathID": 5993488089907802147
    }
  ],
  "m_FixedDuration": 0.0,
  "m_EditorSettings": {
    "m_Framerate": 60.0,
    "m_ScenePreview": 1
  },
  "m_DurationMode": 0,
  "m_MarkerTrack": {
    "m_FileID": 0,
    "m_PathID": 0
  }
}