{
  "m_GameObject": {
    "m_FileID": 0,
    "m_PathID": 0
  },
  "m_Enabled": 1,
  "m_Script": {
    "m_FileID": 0,
    "m_PathID": -3939490112071904993
  },
  "m_Name": "BackstageTalkSet14",
  "backstageTalkSetId": 14,
  "snippets": [
    {
      "talkId": 1,
      "characterIds": [
        12
      ],
      "voiceId": "TalkSet14-1",
      "talkText": "フフ……",
      "lipAnimation": "mouth_normal",
      "fontColorType": 0,
      "fontSizeType": 0,
      "balloonType": 0
    },
    {
      "talkId": 2,
      "characterIds": [
        3
      ],
      "voiceId": "TalkSet14-2",
      "talkText": "（カッコイイ……）",
      "lipAnimation": "",
      "fontColorType": 0,
      "fontSizeType": 0,
      "balloonType": 2
    },
    {
      "talkId": 3,
      "characterIds": [
        12
      ],
      "voiceId": "TalkSet14-3",
      "talkText": "儚い……",
      "lipAnimation": "mouth_normal",
      "fontColorType": 0,
      "fontSizeType": 0,
      "balloonType": 0
    }
  ]
}