{
  "m_GameObject": {
    "m_FileID": 0,
    "m_PathID": 0
  },
  "m_Enabled": 1,
  "m_Script": {
    "m_FileID": 0,
    "m_PathID": -3939490112071904993
  },
  "m_Name": "BackstageTalkSet11",
  "backstageTalkSetId": 11,
  "snippets": [
    {
      "talkId": 1,
      "characterIds": [
        23
      ],
      "voiceId": "TalkSet11-1",
      "talkText": "さっきそこで黒猫\n見かけたんだー☆",
      "lipAnimation": "mouth_normal",
      "fontColorType": 0,
      "fontSizeType": 0,
      "balloonType": 0
    },
    {
      "talkId": 2,
      "characterIds": [
        21
      ],
      "voiceId": "TalkSet11-2",
      "talkText": "……",
      "lipAnimation": "",
      "fontColorType": 0,
      "fontSizeType": 0,
      "balloonType": 0
    },
    {
      "talkId": 3,
      "characterIds": [
        23
      ],
      "voiceId": "TalkSet11-3",
      "talkText": "友希那？　友希那ー？\nあはは、見入ってる",
      "lipAnimation": "mouth_normal",
      "fontColorType": 0,
      "fontSizeType": 0,
      "balloonType": 0
    }
  ]
}