{
  "m_GameObject": {
    "m_FileID": 0,
    "m_PathID": 0
  },
  "m_Enabled": 1,
  "m_Script": {
    "m_FileID": 0,
    "m_PathID": -657477701292886207
  },
  "m_Name": "BackstageTalkSetTimeline230",
  "m_Version": 0,
  "m_Tracks": [
    {
      "m_FileID": 0,
      "m_PathID": -4550889164513208521
    },
    {
      "m_FileID": 0,
      "m_PathID": -6558416813142736854
    },
    {
      "m_FileID": 0,
      "m_PathID": -8568689014622805395
    },
    {
      "m_FileID": 0,
      "m_PathID": 8386853420002152180
    },
    {
      "m_FileID": 0,
      "m_PathID": 2540732478014036069
    }
  ],
  "m_FixedDuration": 0.0,
  "m_EditorSettings": {
    "m_Framerate": 60.0,
    "m_ScenePreview": 1
  },
  "m_DurationMode": 0,
  "m_MarkerTrack": {
    "m_FileID": 0,
    "m_PathID": 0
  }
}