{
  "m_GameObject": {
    "m_FileID": 0,
    "m_PathID": 0
  },
  "m_Enabled": 1,
  "m_Script": {
    "m_FileID": 0,
    "m_PathID": -3939490112071904993
  },
  "m_Name": "BackstageTalkSet224",
  "backstageTalkSetId": 224,
  "snippets": [
    {
      "talkId": 1,
      "characterIds": [
        20
      ],
      "voiceId": "TalkSet224-1",
      "talkText": "アリサさん、\n何を読んでいるんですか？",
      "lipAnimation": "mouth_normal",
      "fontColorType": 0,
      "fontSizeType": 0,
      "balloonType": 0
    },
    {
      "talkId": 2,
      "characterIds": [
        5
      ],
      "voiceId": "TalkSet224-2",
      "talkText": "この雑誌、\n今月は盆栽特集でさ",
      "lipAnimation": "mouth_normal",
      "fontColorType": 0,
      "fontSizeType": 0,
      "balloonType": 0
    },
    {
      "talkId": 3,
      "characterIds": [
        20
      ],
      "voiceId": "TalkSet224-3",
      "talkText": "盆栽！\n和の心を感じます！",
      "lipAnimation": "mouth_normal",
      "fontColorType": 0,
      "fontSizeType": 0,
      "balloonType": 0
    }
  ]
}