{
  "m_GameObject": {
    "m_FileID": 0,
    "m_PathID": 0
  },
  "m_Enabled": 1,
  "m_Script": {
    "m_FileID": 0,
    "m_PathID": -3939490112071904993
  },
  "m_Name": "BackstageTalkSet227",
  "backstageTalkSetId": 227,
  "snippets": [
    {
      "talkId": 1,
      "characterIds": [
        5
      ],
      "voiceId": "TalkSet227-1",
      "talkText": "弦巻さん、\nなに書いてんの？",
      "lipAnimation": "mouth_normal",
      "fontColorType": 0,
      "fontSizeType": 0,
      "balloonType": 0
    },
    {
      "talkId": 2,
      "characterIds": [
        11
      ],
      "voiceId": "TalkSet227-2",
      "talkText": "次のライブの計画よ！",
      "lipAnimation": "mouth_normal",
      "fontColorType": 0,
      "fontSizeType": 0,
      "balloonType": 0
    },
    {
      "talkId": 3,
      "characterIds": [
        11
      ],
      "voiceId": "TalkSet227-3",
      "talkText": "ミッシェルが変身したら\n楽しそうよね",
      "lipAnimation": "mouth_normal",
      "fontColorType": 0,
      "fontSizeType": 0,
      "balloonType": 0
    },
    {
      "talkId": 4,
      "characterIds": [
        5
      ],
      "voiceId": "TalkSet227-4",
      "talkText": "（奥沢さん……\n苦労してんだな……）",
      "lipAnimation": "",
      "fontColorType": 0,
      "fontSizeType": 0,
      "balloonType": 0
    }
  ]
}