{
  "m_GameObject": {
    "m_FileID": 0,
    "m_PathID": 0
  },
  "m_Enabled": 1,
  "m_Script": {
    "m_FileID": 0,
    "m_PathID": -3939490112071904993
  },
  "m_Name": "BackstageTalkSet221",
  "backstageTalkSetId": 221,
  "snippets": [
    {
      "talkId": 1,
      "characterIds": [
        2
      ],
      "voiceId": "TalkSet221-1",
      "talkText": "ふんふんふーん♪",
      "lipAnimation": "mouth_normal",
      "fontColorType": 0,
      "fontSizeType": 0,
      "balloonType": 0
    },
    {
      "talkId": 2,
      "characterIds": [
        5
      ],
      "voiceId": "TalkSet221-2",
      "talkText": "おたえは、\nホントギター好きだよな",
      "lipAnimation": "mouth_normal",
      "fontColorType": 0,
      "fontSizeType": 0,
      "balloonType": 0
    },
    {
      "talkId": 3,
      "characterIds": [
        2
      ],
      "voiceId": "TalkSet221-3",
      "talkText": "うん。でも\nみんなのことも好きだよ",
      "lipAnimation": "mouth_normal",
      "fontColorType": 0,
      "fontSizeType": 0,
      "balloonType": 0
    },
    {
      "talkId": 4,
      "characterIds": [
        5
      ],
      "voiceId": "TalkSet221-4",
      "talkText": "へ……！？　い、いきなり\n変なこと言うなって！",
      "lipAnimation": "mouth_shout",
      "fontColorType": 0,
      "fontSizeType": 2,
      "balloonType": 1
    }
  ]
}