{
  "m_GameObject": {
    "m_FileID": 0,
    "m_PathID": 0
  },
  "m_Enabled": 1,
  "m_Script": {
    "m_FileID": 0,
    "m_PathID": -3939490112071904993
  },
  "m_Name": "BackstageTalkSet230",
  "backstageTalkSetId": 230,
  "snippets": [
    {
      "talkId": 1,
      "characterIds": [
        5
      ],
      "voiceId": "TalkSet230-1",
      "talkText": "あ、ミッシェルだ。\n奥沢さん、お疲れさま",
      "lipAnimation": "mouth_normal",
      "fontColorType": 0,
      "fontSizeType": 0,
      "balloonType": 0
    },
    {
      "talkId": 2,
      "characterIds": [
        15
      ],
      "voiceId": "TalkSet230-2",
      "talkText": "……",
      "lipAnimation": "",
      "fontColorType": 0,
      "fontSizeType": 0,
      "balloonType": 0
    },
    {
      "talkId": 3,
      "characterIds": [
        5
      ],
      "voiceId": "TalkSet230-3",
      "talkText": "あれ、返事がないけど、\n奥沢さん入ってないのかな",
      "lipAnimation": "mouth_normal",
      "fontColorType": 0,
      "fontSizeType": 0,
      "balloonType": 0
    },
    {
      "talkId": 4,
      "characterIds": [
        15
      ],
      "voiceId": "TalkSet230-4",
      "talkText": "……はっ！\n暖かくて寝ちゃってた……",
      "lipAnimation": "",
      "fontColorType": 0,
      "fontSizeType": 0,
      "balloonType": 0
    }
  ]
}