{
  "m_GameObject": {
    "m_FileID": 0,
    "m_PathID": 0
  },
  "m_Enabled": 1,
  "m_Script": {
    "m_FileID": 0,
    "m_PathID": -3939490112071904993
  },
  "m_Name": "BackstageTalkSet246",
  "backstageTalkSetId": 246,
  "snippets": [
    {
      "talkId": 1,
      "characterIds": [
        7
      ],
      "voiceId": "TalkSet246-1",
      "talkText": "蘭～。\nこの後どうする～？",
      "lipAnimation": "mouth_normal",
      "fontColorType": 0,
      "fontSizeType": 0,
      "balloonType": 0
    },
    {
      "talkId": 2,
      "characterIds": [
        6
      ],
      "voiceId": "TalkSet246-2",
      "talkText": "特に予定はないけど",
      "lipAnimation": "mouth_normal",
      "fontColorType": 0,
      "fontSizeType": 0,
      "balloonType": 0
    },
    {
      "talkId": 3,
      "characterIds": [
        7
      ],
      "voiceId": "TalkSet246-3",
      "talkText": "じゃあパン買いに行くの\n付き合って〜",
      "lipAnimation": "mouth_normal",
      "fontColorType": 0,
      "fontSizeType": 0,
      "balloonType": 0
    }
  ]
}