{
  "m_GameObject": {
    "m_FileID": 0,
    "m_PathID": 0
  },
  "m_Enabled": 1,
  "m_Script": {
    "m_FileID": 0,
    "m_PathID": -3939490112071904993
  },
  "m_Name": "BackstageTalkSet250",
  "backstageTalkSetId": 250,
  "snippets": [
    {
      "talkId": 1,
      "characterIds": [
        10
      ],
      "voiceId": "TalkSet250-1",
      "talkText": "ここの運指は……\nえっと……",
      "lipAnimation": "mouth_normal",
      "fontColorType": 0,
      "fontSizeType": 0,
      "balloonType": 0
    },
    {
      "talkId": 2,
      "characterIds": [
        6
      ],
      "voiceId": "TalkSet250-2",
      "talkText": "イメトレ中？",
      "lipAnimation": "mouth_normal",
      "fontColorType": 0,
      "fontSizeType": 0,
      "balloonType": 0
    },
    {
      "talkId": 3,
      "characterIds": [
        10
      ],
      "voiceId": "TalkSet250-3",
      "talkText": "うん。\nこの小節、難しくって……",
      "lipAnimation": "mouth_normal",
      "fontColorType": 0,
      "fontSizeType": 0,
      "balloonType": 0
    }
  ]
}