{
  "m_GameObject": {
    "m_FileID": 0,
    "m_PathID": 0
  },
  "m_Enabled": 1,
  "m_Script": {
    "m_FileID": 0,
    "m_PathID": -657477701292886207
  },
  "m_Name": "BackstageTalkSetTimeline250",
  "m_Version": 0,
  "m_Tracks": [
    {
      "m_FileID": 0,
      "m_PathID": 7380210886075133788
    },
    {
      "m_FileID": 0,
      "m_PathID": 8186647905353106803
    },
    {
      "m_FileID": 0,
      "m_PathID": -3704041763678485420
    },
    {
      "m_FileID": 0,
      "m_PathID": 5844815642705819399
    }
  ],
  "m_FixedDuration": 0.0,
  "m_EditorSettings": {
    "m_Framerate": 60.0,
    "m_ScenePreview": 1
  },
  "m_DurationMode": 0,
  "m_MarkerTrack": {
    "m_FileID": 0,
    "m_PathID": 0
  }
}