{
  "m_GameObject": {
    "m_FileID": 0,
    "m_PathID": 0
  },
  "m_Enabled": 1,
  "m_Script": {
    "m_FileID": 0,
    "m_PathID": -3939490112071904993
  },
  "m_Name": "BackstageTalkSet241",
  "backstageTalkSetId": 241,
  "snippets": [
    {
      "talkId": 1,
      "characterIds": [
        20
      ],
      "voiceId": "TalkSet241-1",
      "talkText": "タエさん、今日の昼休み、\nずっと何か描いてましたね",
      "lipAnimation": "mouth_normal",
      "fontColorType": 0,
      "fontSizeType": 0,
      "balloonType": 0
    },
    {
      "talkId": 2,
      "characterIds": [
        2
      ],
      "voiceId": "TalkSet241-2",
      "talkText": "うん。\n花園ランドの絵だよ",
      "lipAnimation": "mouth_normal",
      "fontColorType": 0,
      "fontSizeType": 0,
      "balloonType": 0
    }
  ]
}