{
  "m_GameObject": {
    "m_FileID": 0,
    "m_PathID": 0
  },
  "m_Enabled": 1,
  "m_Script": {
    "m_FileID": 0,
    "m_PathID": -3939490112071904993
  },
  "m_Name": "BackstageTalkSet253",
  "backstageTalkSetId": 253,
  "snippets": [
    {
      "talkId": 1,
      "characterIds": [
        6
      ],
      "voiceId": "TalkSet253-1",
      "talkText": "モカ、ちゃんと\nバイトしてます？",
      "lipAnimation": "mouth_normal",
      "fontColorType": 0,
      "fontSizeType": 0,
      "balloonType": 0
    },
    {
      "talkId": 2,
      "characterIds": [
        23
      ],
      "voiceId": "TalkSet253-2",
      "talkText": "そこそこかな？　\nよく蘭の話題出るよ",
      "lipAnimation": "mouth_normal",
      "fontColorType": 0,
      "fontSizeType": 0,
      "balloonType": 0
    },
    {
      "talkId": 3,
      "characterIds": [
        6
      ],
      "voiceId": "TalkSet253-3",
      "talkText": "それ、やめてください",
      "lipAnimation": "mouth_normal",
      "fontColorType": 0,
      "fontSizeType": 0,
      "balloonType": 0
    }
  ]
}