{
  "m_GameObject": {
    "m_FileID": 0,
    "m_PathID": 0
  },
  "m_Enabled": 1,
  "m_Script": {
    "m_FileID": 0,
    "m_PathID": -657477701292886207
  },
  "m_Name": "BackstageTalkSetTimeline260",
  "m_Version": 0,
  "m_Tracks": [
    {
      "m_FileID": 0,
      "m_PathID": -969950771629453291
    },
    {
      "m_FileID": 0,
      "m_PathID": -1262910472874829375
    },
    {
      "m_FileID": 0,
      "m_PathID": 9208005706110055164
    },
    {
      "m_FileID": 0,
      "m_PathID": -8173258588744185692
    },
    {
      "m_FileID": 0,
      "m_PathID": -6346331511834805432
    }
  ],
  "m_FixedDuration": 0.0,
  "m_EditorSettings": {
    "m_Framerate": 60.0,
    "m_ScenePreview": 1
  },
  "m_DurationMode": 0,
  "m_MarkerTrack": {
    "m_FileID": 0,
    "m_PathID": 0
  }
}