{
  "m_GameObject": {
    "m_FileID": 0,
    "m_PathID": 0
  },
  "m_Enabled": 1,
  "m_Script": {
    "m_FileID": 0,
    "m_PathID": -3939490112071904993
  },
  "m_Name": "BackstageTalkSet256",
  "backstageTalkSetId": 256,
  "snippets": [
    {
      "talkId": 1,
      "characterIds": [
        7
      ],
      "voiceId": "TalkSet256-1",
      "talkText": "つぐ～、\n今日もツグってる～？",
      "lipAnimation": "mouth_normal",
      "fontColorType": 0,
      "fontSizeType": 0,
      "balloonType": 0
    },
    {
      "talkId": 2,
      "characterIds": [
        10
      ],
      "voiceId": "TalkSet256-2",
      "talkText": "ツ……ツグってるよ！\nモカちゃんは？",
      "lipAnimation": "mouth_normal",
      "fontColorType": 0,
      "fontSizeType": 0,
      "balloonType": 0
    },
    {
      "talkId": 3,
      "characterIds": [
        7
      ],
      "voiceId": "TalkSet256-3",
      "talkText": "あたしもモカってるよ～\nお揃いだね～",
      "lipAnimation": "mouth_normal",
      "fontColorType": 0,
      "fontSizeType": 0,
      "balloonType": 0
    }
  ]
}