{
  "m_GameObject": {
    "m_FileID": 0,
    "m_PathID": 0
  },
  "m_Enabled": 1,
  "m_Script": {
    "m_FileID": 0,
    "m_PathID": -3939490112071904993
  },
  "m_Name": "BackstageTalkSet252",
  "backstageTalkSetId": 252,
  "snippets": [
    {
      "talkId": 1,
      "characterIds": [
        23
      ],
      "voiceId": "TalkSet252-1",
      "talkText": "蘭の赤いメッシュ、\nキマってるよね～",
      "lipAnimation": "mouth_normal",
      "fontColorType": 0,
      "fontSizeType": 0,
      "balloonType": 0
    },
    {
      "talkId": 2,
      "characterIds": [
        23
      ],
      "voiceId": "TalkSet252-2",
      "talkText": "アタシも同じメッシュ、\n入れてみようかな？",
      "lipAnimation": "mouth_normal",
      "fontColorType": 0,
      "fontSizeType": 0,
      "balloonType": 0
    },
    {
      "talkId": 3,
      "characterIds": [
        6
      ],
      "voiceId": "TalkSet252-3",
      "talkText": "まあ、\n別にいいですけど……",
      "lipAnimation": "mouth_normal",
      "fontColorType": 0,
      "fontSizeType": 0,
      "balloonType": 0
    },
    {
      "talkId": 4,
      "characterIds": [
        23
      ],
      "voiceId": "TalkSet252-4",
      "talkText": "あははっ、蘭やさしー♪",
      "lipAnimation": "mouth_normal",
      "fontColorType": 0,
      "fontSizeType": 0,
      "balloonType": 0
    }
  ]
}