{
  "m_GameObject": {
    "m_FileID": 0,
    "m_PathID": 0
  },
  "m_Enabled": 1,
  "m_Script": {
    "m_FileID": 0,
    "m_PathID": -3939490112071904993
  },
  "m_Name": "BackstageTalkSet255",
  "backstageTalkSetId": 255,
  "snippets": [
    {
      "talkId": 1,
      "characterIds": [
        8
      ],
      "voiceId": "TalkSet255-1",
      "talkText": "う～、お腹空いた～",
      "lipAnimation": "mouth_normal",
      "fontColorType": 0,
      "fontSizeType": 0,
      "balloonType": 0
    },
    {
      "talkId": 2,
      "characterIds": [
        7
      ],
      "voiceId": "TalkSet255-2",
      "talkText": "一口だけなら、\n食べていいよ～？",
      "lipAnimation": "mouth_normal",
      "fontColorType": 0,
      "fontSizeType": 0,
      "balloonType": 0
    },
    {
      "talkId": 3,
      "characterIds": [
        8
      ],
      "voiceId": "TalkSet255-3",
      "talkText": "う～、チョココロネは\nカロリーが……けど……",
      "lipAnimation": "mouth_normal",
      "fontColorType": 0,
      "fontSizeType": 0,
      "balloonType": 0
    },
    {
      "talkId": 4,
      "characterIds": [
        7
      ],
      "voiceId": "TalkSet255-4",
      "talkText": "上原選手、\nここを乗り切れるか〜？",
      "lipAnimation": "mouth_normal",
      "fontColorType": 0,
      "fontSizeType": 0,
      "balloonType": 0
    }
  ]
}