{
  "m_GameObject": {
    "m_FileID": 0,
    "m_PathID": 0
  },
  "m_Enabled": 1,
  "m_Script": {
    "m_FileID": 0,
    "m_PathID": -3939490112071904993
  },
  "m_Name": "BackstageTalkSet260",
  "backstageTalkSetId": 260,
  "snippets": [
    {
      "talkId": 1,
      "characterIds": [
        8
      ],
      "voiceId": "TalkSet260-1",
      "talkText": "せーので掛け声ね！\n……せーの！　えい……",
      "lipAnimation": "mouth_normal",
      "fontColorType": 0,
      "fontSizeType": 0,
      "balloonType": 0
    },
    {
      "talkId": 2,
      "characterIds": [
        9
      ],
      "voiceId": "TalkSet260-2",
      "talkText": "ソイソイソイソイソイ！\nソイヤーッ！！",
      "lipAnimation": "mouth_shout",
      "fontColorType": 0,
      "fontSizeType": 2,
      "balloonType": 1
    },
    {
      "talkId": 3,
      "characterIds": [
        8
      ],
      "voiceId": "TalkSet260-3",
      "talkText": "もー！　そこは、\nえいえいおーでしょ！",
      "lipAnimation": "mouth_shout",
      "fontColorType": 0,
      "fontSizeType": 2,
      "balloonType": 1
    }
  ]
}