{
  "m_GameObject": {
    "m_FileID": 0,
    "m_PathID": 0
  },
  "m_Enabled": 1,
  "m_Script": {
    "m_FileID": 0,
    "m_PathID": -3939490112071904993
  },
  "m_Name": "BackstageTalkSet257",
  "backstageTalkSetId": 257,
  "snippets": [
    {
      "talkId": 1,
      "characterIds": [
        23
      ],
      "voiceId": "TalkSet257-1",
      "talkText": "モカも今日、\nバイト入ってたよね？",
      "lipAnimation": "mouth_normal",
      "fontColorType": 0,
      "fontSizeType": 0,
      "balloonType": 0
    },
    {
      "talkId": 2,
      "characterIds": [
        7
      ],
      "voiceId": "TalkSet257-2",
      "talkText": "そうですよ～。\n一緒に行きましょ～",
      "lipAnimation": "mouth_normal",
      "fontColorType": 0,
      "fontSizeType": 0,
      "balloonType": 0
    }
  ]
}