{
  "m_GameObject": {
    "m_FileID": 0,
    "m_PathID": 0
  },
  "m_Enabled": 1,
  "m_Script": {
    "m_FileID": 0,
    "m_PathID": -3939490112071904993
  },
  "m_Name": "BackstageTalkSet258",
  "backstageTalkSetId": 258,
  "snippets": [
    {
      "talkId": 1,
      "characterIds": [
        7
      ],
      "voiceId": "TalkSet258-1",
      "talkText": "ん～……ねむい～",
      "lipAnimation": "mouth_normal",
      "fontColorType": 0,
      "fontSizeType": 0,
      "balloonType": 0
    },
    {
      "talkId": 2,
      "characterIds": [
        23
      ],
      "voiceId": "TalkSet258-2",
      "talkText": "少し寝る？　荷物なら\nアタシが見といてあげる",
      "lipAnimation": "mouth_normal",
      "fontColorType": 0,
      "fontSizeType": 0,
      "balloonType": 0
    },
    {
      "talkId": 3,
      "characterIds": [
        7
      ],
      "voiceId": "TalkSet258-3",
      "talkText": "ではお言葉に甘えて～。\nおやすみなさーい",
      "lipAnimation": "mouth_normal",
      "fontColorType": 0,
      "fontSizeType": 0,
      "balloonType": 0
    },
    {
      "talkId": 4,
      "characterIds": [
        23
      ],
      "voiceId": "TalkSet258-4",
      "talkText": "……えっ！？\nアタシのヒザで！？",
      "lipAnimation": "mouth_normal",
      "fontColorType": 0,
      "fontSizeType": 0,
      "balloonType": 0
    }
  ]
}