{
  "m_GameObject": {
    "m_FileID": 0,
    "m_PathID": 0
  },
  "m_Enabled": 1,
  "m_Script": {
    "m_FileID": 0,
    "m_PathID": -3939490112071904993
  },
  "m_Name": "BackstageTalkSet2012",
  "backstageTalkSetId": 2012,
  "snippets": [
    {
      "talkId": 1,
      "characterIds": [
        27
      ],
      "voiceId": "TalkSet2012-1",
      "talkText": "今日の練習、途中でドラム\n止まっちゃったじゃん？",
      "lipAnimation": "mouth_normal",
      "fontColorType": 0,
      "fontSizeType": 0,
      "balloonType": 0
    },
    {
      "talkId": 2,
      "characterIds": [
        27
      ],
      "voiceId": "TalkSet2012-2",
      "talkText": "あれ、なんかあったの？",
      "lipAnimation": "mouth_normal",
      "fontColorType": 0,
      "fontSizeType": 0,
      "balloonType": 0
    },
    {
      "talkId": 3,
      "characterIds": [
        29
      ],
      "voiceId": "TalkSet2012-3",
      "talkText": "うぅ……あれね……",
      "lipAnimation": "mouth_normal",
      "fontColorType": 0,
      "fontSizeType": 0,
      "balloonType": 0
    },
    {
      "talkId": 4,
      "characterIds": [
        29
      ],
      "voiceId": "TalkSet2012-4",
      "talkText": "演奏の途中で\n足つっちゃったの……",
      "lipAnimation": "mouth_normal",
      "fontColorType": 0,
      "fontSizeType": 0,
      "balloonType": 0
    }
  ]
}