{
  "m_GameObject": {
    "m_FileID": 0,
    "m_PathID": 0
  },
  "m_Enabled": 1,
  "m_Script": {
    "m_FileID": 0,
    "m_PathID": -3939490112071904993
  },
  "m_Name": "BackstageTalkSet2015",
  "backstageTalkSetId": 2015,
  "snippets": [
    {
      "talkId": 1,
      "characterIds": [
        29
      ],
      "voiceId": "TalkSet2015-1",
      "talkText": "るいさんも慌てたり\nすることってあるの？",
      "lipAnimation": "mouth_normal",
      "fontColorType": 0,
      "fontSizeType": 0,
      "balloonType": 0
    },
    {
      "talkId": 2,
      "characterIds": [
        30
      ],
      "voiceId": "TalkSet2015-2",
      "talkText": "……あまり記憶にないわね",
      "lipAnimation": "mouth_normal",
      "fontColorType": 0,
      "fontSizeType": 0,
      "balloonType": 0
    },
    {
      "talkId": 3,
      "characterIds": [
        29
      ],
      "voiceId": "TalkSet2015-3",
      "talkText": "だよね……るいさんが\n慌てるとこ想像できないし",
      "lipAnimation": "mouth_normal",
      "fontColorType": 0,
      "fontSizeType": 0,
      "balloonType": 0
    },
    {
      "talkId": 4,
      "characterIds": [
        30
      ],
      "voiceId": "TalkSet2015-4",
      "talkText": "……私もよ",
      "lipAnimation": "mouth_normal",
      "fontColorType": 0,
      "fontSizeType": 0,
      "balloonType": 0
    }
  ]
}