{
  "m_GameObject": {
    "m_FileID": 0,
    "m_PathID": 0
  },
  "m_Enabled": 1,
  "m_Script": {
    "m_FileID": 0,
    "m_PathID": -3939490112071904993
  },
  "m_Name": "BackstageTalkSet2017",
  "backstageTalkSetId": 2017,
  "snippets": [
    {
      "talkId": 1,
      "characterIds": [
        28
      ],
      "voiceId": "TalkSet2017-1",
      "talkText": "バイオリン弾いてる時の、\nるいるいカッコいいよねー",
      "lipAnimation": "mouth_normal",
      "fontColorType": 0,
      "fontSizeType": 0,
      "balloonType": 0
    },
    {
      "talkId": 2,
      "characterIds": [
        30
      ],
      "voiceId": "TalkSet2017-2",
      "talkText": "そうかしら",
      "lipAnimation": "mouth_normal",
      "fontColorType": 0,
      "fontSizeType": 0,
      "balloonType": 0
    },
    {
      "talkId": 3,
      "characterIds": [
        28
      ],
      "voiceId": "TalkSet2017-3",
      "talkText": "私も弾いてみたいなー\nあ、でも難しそうだね〜",
      "lipAnimation": "mouth_normal",
      "fontColorType": 0,
      "fontSizeType": 0,
      "balloonType": 0
    },
    {
      "talkId": 4,
      "characterIds": [
        30
      ],
      "voiceId": "TalkSet2017-4",
      "talkText": "あなたならすぐに弾ける\nようになると思うけど",
      "lipAnimation": "mouth_normal",
      "fontColorType": 0,
      "fontSizeType": 0,
      "balloonType": 0
    }
  ]
}