{
  "m_GameObject": {
    "m_FileID": 0,
    "m_PathID": 0
  },
  "m_Enabled": 1,
  "m_Script": {
    "m_FileID": 0,
    "m_PathID": -3939490112071904993
  },
  "m_Name": "BackstageTalkSet2016",
  "backstageTalkSetId": 2016,
  "snippets": [
    {
      "talkId": 1,
      "characterIds": [
        29
      ],
      "voiceId": "TalkSet2016-1",
      "talkText": "…………",
      "lipAnimation": "mouth_normal",
      "fontColorType": 0,
      "fontSizeType": 0,
      "balloonType": 0
    },
    {
      "talkId": 2,
      "characterIds": [
        30
      ],
      "voiceId": "TalkSet2016-2",
      "talkText": "何か用？",
      "lipAnimation": "mouth_normal",
      "fontColorType": 0,
      "fontSizeType": 0,
      "balloonType": 0
    },
    {
      "talkId": 3,
      "characterIds": [
        29
      ],
      "voiceId": "TalkSet2016-3",
      "talkText": "な、なんでもないです！",
      "lipAnimation": "mouth_normal",
      "fontColorType": 0,
      "fontSizeType": 0,
      "balloonType": 0
    },
    {
      "talkId": 4,
      "characterIds": [
        29
      ],
      "voiceId": "TalkSet2016-4",
      "talkText": "（私もるいさんくらい\n背伸びないかなー）",
      "lipAnimation": "",
      "fontColorType": 0,
      "fontSizeType": 0,
      "balloonType": 2
    }
  ]
}