{
  "m_GameObject": {
    "m_FileID": 0,
    "m_PathID": 0
  },
  "m_Enabled": 1,
  "m_Script": {
    "m_FileID": 0,
    "m_PathID": -3939490112071904993
  },
  "m_Name": "BackstageTalkSet188",
  "backstageTalkSetId": 188,
  "snippets": [
    {
      "talkId": 1,
      "characterIds": [
        24
      ],
      "voiceId": "TalkSet188-1",
      "talkText": "我が闇の波動を……\nえっと～……",
      "lipAnimation": "mouth_normal",
      "fontColorType": 0,
      "fontSizeType": 0,
      "balloonType": 0
    },
    {
      "talkId": 2,
      "characterIds": [
        22
      ],
      "voiceId": "TalkSet188-2",
      "talkText": "宇田川さんは何を\nしているんですか？",
      "lipAnimation": "mouth_normal",
      "fontColorType": 0,
      "fontSizeType": 0,
      "balloonType": 0
    },
    {
      "talkId": 3,
      "characterIds": [
        23
      ],
      "voiceId": "TalkSet188-3",
      "talkText": "新しいセリフを\n考えてるんだって",
      "lipAnimation": "mouth_normal",
      "fontColorType": 0,
      "fontSizeType": 0,
      "balloonType": 0
    },
    {
      "talkId": 4,
      "characterIds": [
        25
      ],
      "voiceId": "TalkSet188-4",
      "talkText": "気合いが……入るみたいで",
      "lipAnimation": "mouth_normal",
      "fontColorType": 0,
      "fontSizeType": 0,
      "balloonType": 0
    },
    {
      "talkId": 5,
      "characterIds": [
        21
      ],
      "voiceId": "TalkSet188-5",
      "talkText": "変わったやる気の\n出し方ね",
      "lipAnimation": "mouth_normal",
      "fontColorType": 0,
      "fontSizeType": 0,
      "balloonType": 0
    }
  ]
}