{
  "m_GameObject": {
    "m_FileID": 0,
    "m_PathID": 0
  },
  "m_Enabled": 1,
  "m_Script": {
    "m_FileID": 0,
    "m_PathID": -3939490112071904993
  },
  "m_Name": "BackstageTalkSet187",
  "backstageTalkSetId": 187,
  "snippets": [
    {
      "talkId": 1,
      "characterIds": [
        24
      ],
      "voiceId": "TalkSet187-1",
      "talkText": "リサ姉のクッキー、\nホント美味しいなー",
      "lipAnimation": "mouth_normal",
      "fontColorType": 0,
      "fontSizeType": 0,
      "balloonType": 0
    },
    {
      "talkId": 2,
      "characterIds": [
        21
      ],
      "voiceId": "TalkSet187-2",
      "talkText": "飽きのこない味よね",
      "lipAnimation": "mouth_normal",
      "fontColorType": 0,
      "fontSizeType": 0,
      "balloonType": 0
    },
    {
      "talkId": 3,
      "characterIds": [
        25
      ],
      "voiceId": "TalkSet187-3",
      "talkText": "隠し味は……ありますか？",
      "lipAnimation": "mouth_normal",
      "fontColorType": 0,
      "fontSizeType": 0,
      "balloonType": 0
    },
    {
      "talkId": 4,
      "characterIds": [
        23
      ],
      "voiceId": "TalkSet187-4",
      "talkText": "やっぱり……\nみんなへの愛情かな？",
      "lipAnimation": "mouth_normal",
      "fontColorType": 0,
      "fontSizeType": 0,
      "balloonType": 0
    },
    {
      "talkId": 5,
      "characterIds": [
        22
      ],
      "voiceId": "TalkSet187-5",
      "talkText": "なるほど……",
      "lipAnimation": "mouth_normal",
      "fontColorType": 0,
      "fontSizeType": 0,
      "balloonType": 0
    },
    {
      "talkId": 6,
      "characterIds": [
        23
      ],
      "voiceId": "TalkSet187-6",
      "talkText": "恥ずかしいからマジメに\n受け取らないでよ〜！",
      "lipAnimation": "mouth_normal",
      "fontColorType": 0,
      "fontSizeType": 0,
      "balloonType": 0
    }
  ]
}