{
  "m_GameObject": {
    "m_FileID": 0,
    "m_PathID": 0
  },
  "m_Enabled": 1,
  "m_Script": {
    "m_FileID": 0,
    "m_PathID": -657477701292886207
  },
  "m_Name": "BackstageTalkSetTimeline184",
  "m_Version": 0,
  "m_Tracks": [
    {
      "m_FileID": 0,
      "m_PathID": -1655956974751450806
    },
    {
      "m_FileID": 0,
      "m_PathID": -5893123806364185002
    },
    {
      "m_FileID": 0,
      "m_PathID": -1713809359520216546
    },
    {
      "m_FileID": 0,
      "m_PathID": -6756829639767203230
    },
    {
      "m_FileID": 0,
      "m_PathID": -992291500727588955
    },
    {
      "m_FileID": 0,
      "m_PathID": 8543688436885637174
    },
    {
      "m_FileID": 0,
      "m_PathID": -7214440519905852430
    }
  ],
  "m_FixedDuration": 0.0,
  "m_EditorSettings": {
    "m_Framerate": 60.0,
    "m_ScenePreview": 1
  },
  "m_DurationMode": 0,
  "m_MarkerTrack": {
    "m_FileID": 0,
    "m_PathID": 0
  }
}