{
  "m_GameObject": {
    "m_FileID": 0,
    "m_PathID": 0
  },
  "m_Enabled": 1,
  "m_Script": {
    "m_FileID": 0,
    "m_PathID": -3939490112071904993
  },
  "m_Name": "BackstageTalkSet190",
  "backstageTalkSetId": 190,
  "snippets": [
    {
      "talkId": 1,
      "characterIds": [
        20
      ],
      "voiceId": "TalkSet190-1",
      "talkText": "ん～～～",
      "lipAnimation": "",
      "fontColorType": 0,
      "fontSizeType": 0,
      "balloonType": 0
    },
    {
      "talkId": 2,
      "characterIds": [
        16
      ],
      "voiceId": "TalkSet190-2",
      "talkText": "イヴちゃん、\n何してるんだろ？",
      "lipAnimation": "mouth_normal",
      "fontColorType": 0,
      "fontSizeType": 0,
      "balloonType": 0
    },
    {
      "talkId": 3,
      "characterIds": [
        19
      ],
      "voiceId": "TalkSet190-3",
      "talkText": "精神統一して、雑念を\n払っているそうですよ",
      "lipAnimation": "mouth_normal",
      "fontColorType": 0,
      "fontSizeType": 0,
      "balloonType": 0
    },
    {
      "talkId": 4,
      "characterIds": [
        17
      ],
      "voiceId": "TalkSet190-4",
      "talkText": "もしかしたら、\n寝てるのかもよ？",
      "lipAnimation": "mouth_normal",
      "fontColorType": 0,
      "fontSizeType": 0,
      "balloonType": 0
    },
    {
      "talkId": 5,
      "characterIds": [
        20
      ],
      "voiceId": "TalkSet190-5",
      "talkText": "ね、寝てません！",
      "lipAnimation": "mouth_shout",
      "fontColorType": 0,
      "fontSizeType": 2,
      "balloonType": 1
    },
    {
      "talkId": 6,
      "characterIds": [
        18
      ],
      "voiceId": "TalkSet190-6",
      "talkText": "……まだ、雑念が\nありそうね……",
      "lipAnimation": "mouth_normal",
      "fontColorType": 0,
      "fontSizeType": 0,
      "balloonType": 0
    }
  ]
}