{
  "m_GameObject": {
    "m_FileID": 0,
    "m_PathID": 0
  },
  "m_Enabled": 1,
  "m_Script": {
    "m_FileID": 0,
    "m_PathID": -657477701292886207
  },
  "m_Name": "BackstageTalkSetTimeline188",
  "m_Version": 0,
  "m_Tracks": [
    {
      "m_FileID": 0,
      "m_PathID": -4053167033679658521
    },
    {
      "m_FileID": 0,
      "m_PathID": 6049543218133777388
    },
    {
      "m_FileID": 0,
      "m_PathID": -2935564845327082477
    },
    {
      "m_FileID": 0,
      "m_PathID": -5869943909957525128
    },
    {
      "m_FileID": 0,
      "m_PathID": -235669933717178620
    },
    {
      "m_FileID": 0,
      "m_PathID": -1920924423287392248
    },
    {
      "m_FileID": 0,
      "m_PathID": 5374381549678812536
    }
  ],
  "m_FixedDuration": 0.0,
  "m_EditorSettings": {
    "m_Framerate": 60.0,
    "m_ScenePreview": 1
  },
  "m_DurationMode": 0,
  "m_MarkerTrack": {
    "m_FileID": 0,
    "m_PathID": 0
  }
}