{
  "m_GameObject": {
    "m_FileID": 0,
    "m_PathID": 0
  },
  "m_Enabled": 1,
  "m_Script": {
    "m_FileID": 0,
    "m_PathID": -657477701292886207
  },
  "m_Name": "BackstageTalkSetTimeline183",
  "m_Version": 0,
  "m_Tracks": [
    {
      "m_FileID": 0,
      "m_PathID": 8711215397431901031
    },
    {
      "m_FileID": 0,
      "m_PathID": 4979188358776463967
    },
    {
      "m_FileID": 0,
      "m_PathID": -6020331142646611128
    },
    {
      "m_FileID": 0,
      "m_PathID": -9003577113539942283
    },
    {
      "m_FileID": 0,
      "m_PathID": 1440772565840478619
    },
    {
      "m_FileID": 0,
      "m_PathID": -135834535120123257
    },
    {
      "m_FileID": 0,
      "m_PathID": -2479214485943972861
    }
  ],
  "m_FixedDuration": 0.0,
  "m_EditorSettings": {
    "m_Framerate": 60.0,
    "m_ScenePreview": 1
  },
  "m_DurationMode": 0,
  "m_MarkerTrack": {
    "m_FileID": 0,
    "m_PathID": 0
  }
}