{
  "m_GameObject": {
    "m_FileID": 0,
    "m_PathID": 0
  },
  "m_Enabled": 1,
  "m_Script": {
    "m_FileID": 0,
    "m_PathID": -657477701292886207
  },
  "m_Name": "BackstageTalkSetTimeline185",
  "m_Version": 0,
  "m_Tracks": [
    {
      "m_FileID": 0,
      "m_PathID": 4092174311500015630
    },
    {
      "m_FileID": 0,
      "m_PathID": 5102190125371851883
    },
    {
      "m_FileID": 0,
      "m_PathID": 1123999551754810586
    },
    {
      "m_FileID": 0,
      "m_PathID": 8828013533758823245
    },
    {
      "m_FileID": 0,
      "m_PathID": 2351958026242696449
    },
    {
      "m_FileID": 0,
      "m_PathID": 2397984068647130268
    },
    {
      "m_FileID": 0,
      "m_PathID": -6364250590650505251
    }
  ],
  "m_FixedDuration": 0.0,
  "m_EditorSettings": {
    "m_Framerate": 60.0,
    "m_ScenePreview": 1
  },
  "m_DurationMode": 0,
  "m_MarkerTrack": {
    "m_FileID": 0,
    "m_PathID": 0
  }
}