{
  "m_GameObject": {
    "m_FileID": 0,
    "m_PathID": 0
  },
  "m_Enabled": 1,
  "m_Script": {
    "m_FileID": 0,
    "m_PathID": -657477701292886207
  },
  "m_Name": "BackstageTalkSetTimeline186",
  "m_Version": 0,
  "m_Tracks": [
    {
      "m_FileID": 0,
      "m_PathID": -4510615841168396088
    },
    {
      "m_FileID": 0,
      "m_PathID": -5546259207007305684
    },
    {
      "m_FileID": 0,
      "m_PathID": 8743462855823973888
    },
    {
      "m_FileID": 0,
      "m_PathID": 5806038034412712704
    },
    {
      "m_FileID": 0,
      "m_PathID": 2183830366039042440
    },
    {
      "m_FileID": 0,
      "m_PathID": -3071176696756246300
    },
    {
      "m_FileID": 0,
      "m_PathID": 5364192912946036679
    }
  ],
  "m_FixedDuration": 0.0,
  "m_EditorSettings": {
    "m_Framerate": 60.0,
    "m_ScenePreview": 1
  },
  "m_DurationMode": 0,
  "m_MarkerTrack": {
    "m_FileID": 0,
    "m_PathID": 0
  }
}