{
  "m_GameObject": {
    "m_FileID": 0,
    "m_PathID": 0
  },
  "m_Enabled": 1,
  "m_Script": {
    "m_FileID": 0,
    "m_PathID": -3939490112071904993
  },
  "m_Name": "BackstageTalkSet181",
  "backstageTalkSetId": 181,
  "snippets": [
    {
      "talkId": 1,
      "characterIds": [
        15
      ],
      "voiceId": "TalkSet181-1",
      "talkText": "今度のライブ、\nこの日はどう？",
      "lipAnimation": "mouth_normal",
      "fontColorType": 0,
      "fontSizeType": 0,
      "balloonType": 0
    },
    {
      "talkId": 2,
      "characterIds": [
        13
      ],
      "voiceId": "TalkSet181-2",
      "talkText": "わ、その日は試合だな～",
      "lipAnimation": "mouth_normal",
      "fontColorType": 0,
      "fontSizeType": 0,
      "balloonType": 0
    },
    {
      "talkId": 3,
      "characterIds": [
        14
      ],
      "voiceId": "TalkSet181-3",
      "talkText": "ソフトボールの？",
      "lipAnimation": "mouth_normal",
      "fontColorType": 0,
      "fontSizeType": 0,
      "balloonType": 0
    },
    {
      "talkId": 4,
      "characterIds": [
        15
      ],
      "voiceId": "TalkSet181-4",
      "talkText": "じゃ、ライブはまた\n別の日だね",
      "lipAnimation": "mouth_normal",
      "fontColorType": 0,
      "fontSizeType": 0,
      "balloonType": 0
    },
    {
      "talkId": 5,
      "characterIds": [
        11
      ],
      "voiceId": "TalkSet181-5",
      "talkText": "ならみんなで応援に\n行きましょう！",
      "lipAnimation": "mouth_normal",
      "fontColorType": 0,
      "fontSizeType": 0,
      "balloonType": 0
    },
    {
      "talkId": 6,
      "characterIds": [
        12
      ],
      "voiceId": "TalkSet181-6",
      "talkText": "素晴らしい提案だよ、\nこころ！",
      "lipAnimation": "mouth_normal",
      "fontColorType": 0,
      "fontSizeType": 0,
      "balloonType": 0
    }
  ]
}