{
  "m_GameObject": {
    "m_FileID": 0,
    "m_PathID": 0
  },
  "m_Enabled": 1,
  "m_Script": {
    "m_FileID": 0,
    "m_PathID": -3939490112071904993
  },
  "m_Name": "BackstageTalkSet182",
  "backstageTalkSetId": 182,
  "snippets": [
    {
      "talkId": 1,
      "characterIds": [
        14
      ],
      "voiceId": "TalkSet182-1",
      "talkText": "来週水族館に行かない？",
      "lipAnimation": "mouth_normal",
      "fontColorType": 0,
      "fontSizeType": 0,
      "balloonType": 0
    },
    {
      "talkId": 2,
      "characterIds": [
        13
      ],
      "voiceId": "TalkSet182-2",
      "talkText": "行きたい行きたーいっ！",
      "lipAnimation": "mouth_normal",
      "fontColorType": 0,
      "fontSizeType": 0,
      "balloonType": 0
    },
    {
      "talkId": 3,
      "characterIds": [
        15
      ],
      "voiceId": "TalkSet182-3",
      "talkText": "花音さんからお誘い\nなんて珍しいですね",
      "lipAnimation": "mouth_normal",
      "fontColorType": 0,
      "fontSizeType": 0,
      "balloonType": 0
    },
    {
      "talkId": 4,
      "characterIds": [
        14
      ],
      "voiceId": "TalkSet182-4",
      "talkText": "クラゲのイベントが\nはじまるみたいなんだ",
      "lipAnimation": "mouth_normal",
      "fontColorType": 0,
      "fontSizeType": 0,
      "balloonType": 0
    },
    {
      "talkId": 5,
      "characterIds": [
        11
      ],
      "voiceId": "TalkSet182-5",
      "talkText": "あたしもクラゲが\n見たいわ！",
      "lipAnimation": "mouth_normal",
      "fontColorType": 0,
      "fontSizeType": 0,
      "balloonType": 0
    },
    {
      "talkId": 6,
      "characterIds": [
        12
      ],
      "voiceId": "TalkSet182-6",
      "talkText": "儚い１日になりそうだ",
      "lipAnimation": "mouth_normal",
      "fontColorType": 0,
      "fontSizeType": 0,
      "balloonType": 0
    }
  ]
}