{
  "m_GameObject": {
    "m_FileID": 0,
    "m_PathID": 0
  },
  "m_Enabled": 1,
  "m_Script": {
    "m_FileID": 0,
    "m_PathID": -3939490112071904993
  },
  "m_Name": "BackstageTalkSet185",
  "backstageTalkSetId": 185,
  "snippets": [
    {
      "talkId": 1,
      "characterIds": [
        22
      ],
      "voiceId": "TalkSet185-1",
      "talkText": "湊さん、\n何をしているんですか？",
      "lipAnimation": "mouth_normal",
      "fontColorType": 0,
      "fontSizeType": 0,
      "balloonType": 0
    },
    {
      "talkId": 2,
      "characterIds": [
        21
      ],
      "voiceId": "TalkSet185-2",
      "talkText": "通知が１つ消えないの。\n何かしら？",
      "lipAnimation": "mouth_normal",
      "fontColorType": 0,
      "fontSizeType": 0,
      "balloonType": 0
    },
    {
      "talkId": 3,
      "characterIds": [
        22
      ],
      "voiceId": "TalkSet185-3",
      "talkText": "原因は何かしら？\n調べてみましょう",
      "lipAnimation": "mouth_normal",
      "fontColorType": 0,
      "fontSizeType": 0,
      "balloonType": 0
    },
    {
      "talkId": 4,
      "characterIds": [
        24
      ],
      "voiceId": "TalkSet185-4",
      "talkText": "あこも調べますっ！",
      "lipAnimation": "mouth_normal",
      "fontColorType": 0,
      "fontSizeType": 0,
      "balloonType": 0
    },
    {
      "talkId": 5,
      "characterIds": [
        25
      ],
      "voiceId": "TalkSet185-5",
      "talkText": "それじゃあ、わたしも……",
      "lipAnimation": "mouth_normal",
      "fontColorType": 0,
      "fontSizeType": 0,
      "balloonType": 0
    },
    {
      "talkId": 6,
      "characterIds": [
        21,
        22,
        24,
        25
      ],
      "voiceId": "TalkSet185-6",
      "talkText": "……",
      "lipAnimation": "",
      "fontColorType": 0,
      "fontSizeType": 0,
      "balloonType": 0
    },
    {
      "talkId": 7,
      "characterIds": [
        23
      ],
      "voiceId": "TalkSet185-7",
      "talkText": "（全員スマホ見てるけど\n……なにごと？）",
      "lipAnimation": "",
      "fontColorType": 0,
      "fontSizeType": 0,
      "balloonType": 2
    }
  ]
}