{
  "m_GameObject": {
    "m_FileID": 0,
    "m_PathID": 0
  },
  "m_Enabled": 1,
  "m_Script": {
    "m_FileID": 0,
    "m_PathID": -657477701292886207
  },
  "m_Name": "BackstageTalkSetTimeline181",
  "m_Version": 0,
  "m_Tracks": [
    {
      "m_FileID": 0,
      "m_PathID": 4110471026115193354
    },
    {
      "m_FileID": 0,
      "m_PathID": 5065211812318223585
    },
    {
      "m_FileID": 0,
      "m_PathID": -8845860240348590717
    },
    {
      "m_FileID": 0,
      "m_PathID": 1801682935620445489
    },
    {
      "m_FileID": 0,
      "m_PathID": -9056625345695050346
    },
    {
      "m_FileID": 0,
      "m_PathID": -3114722345998647790
    },
    {
      "m_FileID": 0,
      "m_PathID": 8809813809512484862
    }
  ],
  "m_FixedDuration": 0.0,
  "m_EditorSettings": {
    "m_Framerate": 60.0,
    "m_ScenePreview": 1
  },
  "m_DurationMode": 0,
  "m_MarkerTrack": {
    "m_FileID": 0,
    "m_PathID": 0
  }
}