{
  "m_GameObject": {
    "m_FileID": 0,
    "m_PathID": 0
  },
  "m_Enabled": 1,
  "m_Script": {
    "m_FileID": 0,
    "m_PathID": -657477701292886207
  },
  "m_Name": "BackstageTalkSetTimeline187",
  "m_Version": 0,
  "m_Tracks": [
    {
      "m_FileID": 0,
      "m_PathID": -7642324730935838096
    },
    {
      "m_FileID": 0,
      "m_PathID": -133523600186703720
    },
    {
      "m_FileID": 0,
      "m_PathID": 4026192259074956780
    },
    {
      "m_FileID": 0,
      "m_PathID": -4722192726108300469
    },
    {
      "m_FileID": 0,
      "m_PathID": 3790384977593287556
    },
    {
      "m_FileID": 0,
      "m_PathID": -8284859417616334596
    },
    {
      "m_FileID": 0,
      "m_PathID": 125010742158003170
    }
  ],
  "m_FixedDuration": 0.0,
  "m_EditorSettings": {
    "m_Framerate": 60.0,
    "m_ScenePreview": 1
  },
  "m_DurationMode": 0,
  "m_MarkerTrack": {
    "m_FileID": 0,
    "m_PathID": 0
  }
}