{
  "m_GameObject": {
    "m_FileID": 0,
    "m_PathID": 0
  },
  "m_Enabled": 1,
  "m_Script": {
    "m_FileID": 0,
    "m_PathID": -657477701292886207
  },
  "m_Name": "BackstageTalkSetTimeline189",
  "m_Version": 0,
  "m_Tracks": [
    {
      "m_FileID": 0,
      "m_PathID": 8489004013444926626
    },
    {
      "m_FileID": 0,
      "m_PathID": 8165434045895538781
    },
    {
      "m_FileID": 0,
      "m_PathID": -9147115214599004388
    },
    {
      "m_FileID": 0,
      "m_PathID": 3553959938369447175
    },
    {
      "m_FileID": 0,
      "m_PathID": 5864811785170922227
    },
    {
      "m_FileID": 0,
      "m_PathID": -2623049998019659692
    },
    {
      "m_FileID": 0,
      "m_PathID": 2973683597016870239
    }
  ],
  "m_FixedDuration": 0.0,
  "m_EditorSettings": {
    "m_Framerate": 60.0,
    "m_ScenePreview": 1
  },
  "m_DurationMode": 0,
  "m_MarkerTrack": {
    "m_FileID": 0,
    "m_PathID": 0
  }
}