{
  "m_GameObject": {
    "m_FileID": 0,
    "m_PathID": 0
  },
  "m_Enabled": 1,
  "m_Script": {
    "m_FileID": 0,
    "m_PathID": -3939490112071904993
  },
  "m_Name": "BackstageTalkSet189",
  "backstageTalkSetId": 189,
  "snippets": [
    {
      "talkId": 1,
      "characterIds": [
        23
      ],
      "voiceId": "TalkSet189-1",
      "talkText": "燐子！　明日一緒に\n本屋さん行かない？",
      "lipAnimation": "mouth_normal",
      "fontColorType": 0,
      "fontSizeType": 0,
      "balloonType": 0
    },
    {
      "talkId": 2,
      "characterIds": [
        25
      ],
      "voiceId": "TalkSet189-2",
      "talkText": "はい、いいですよ……",
      "lipAnimation": "mouth_normal",
      "fontColorType": 0,
      "fontSizeType": 0,
      "balloonType": 0
    },
    {
      "talkId": 3,
      "characterIds": [
        23
      ],
      "voiceId": "TalkSet189-3",
      "talkText": "オススメの小説、\n教えてほしいんだ！",
      "lipAnimation": "mouth_normal",
      "fontColorType": 0,
      "fontSizeType": 0,
      "balloonType": 0
    },
    {
      "talkId": 4,
      "characterIds": [
        22
      ],
      "voiceId": "TalkSet189-4",
      "talkText": "私も教えて\nいただきたいです",
      "lipAnimation": "mouth_normal",
      "fontColorType": 0,
      "fontSizeType": 0,
      "balloonType": 0
    },
    {
      "talkId": 5,
      "characterIds": [
        24
      ],
      "voiceId": "TalkSet189-5",
      "talkText": "あこもあこも！",
      "lipAnimation": "mouth_normal",
      "fontColorType": 0,
      "fontSizeType": 0,
      "balloonType": 0
    },
    {
      "talkId": 6,
      "characterIds": [
        21
      ],
      "voiceId": "TalkSet189-6",
      "talkText": "私も行くわ",
      "lipAnimation": "mouth_normal",
      "fontColorType": 0,
      "fontSizeType": 0,
      "balloonType": 0
    }
  ]
}