{
  "m_GameObject": {
    "m_FileID": 0,
    "m_PathID": 0
  },
  "m_Enabled": 1,
  "m_Script": {
    "m_FileID": 0,
    "m_PathID": -3939490112071904993
  },
  "m_Name": "BackstageTalkSet183",
  "backstageTalkSetId": 183,
  "snippets": [
    {
      "talkId": 1,
      "characterIds": [
        13
      ],
      "voiceId": "TalkSet183-1",
      "talkText": "ハッピー！",
      "lipAnimation": "mouth_shout",
      "fontColorType": 0,
      "fontSizeType": 2,
      "balloonType": 1
    },
    {
      "talkId": 2,
      "characterIds": [
        12
      ],
      "voiceId": "TalkSet183-2",
      "talkText": "ラッキー！",
      "lipAnimation": "mouth_shout",
      "fontColorType": 0,
      "fontSizeType": 2,
      "balloonType": 1
    },
    {
      "talkId": 3,
      "characterIds": [
        14
      ],
      "voiceId": "TalkSet183-3",
      "talkText": "スマイル！",
      "lipAnimation": "mouth_shout",
      "fontColorType": 0,
      "fontSizeType": 2,
      "balloonType": 1
    },
    {
      "talkId": 4,
      "characterIds": [
        11
      ],
      "voiceId": "TalkSet183-4",
      "talkText": "イエーイ！！",
      "lipAnimation": "mouth_shout",
      "fontColorType": 0,
      "fontSizeType": 2,
      "balloonType": 1
    },
    {
      "talkId": 5,
      "characterIds": [
        11
      ],
      "voiceId": "TalkSet183-5",
      "talkText": "今日も世界を\n笑顔にしましょう！",
      "lipAnimation": "mouth_normal",
      "fontColorType": 0,
      "fontSizeType": 0,
      "balloonType": 0
    },
    {
      "talkId": 6,
      "characterIds": [
        15
      ],
      "voiceId": "TalkSet183-6",
      "talkText": "はーい、練習\nはじめるよー",
      "lipAnimation": "mouth_normal",
      "fontColorType": 0,
      "fontSizeType": 0,
      "balloonType": 0
    }
  ]
}