{
  "m_GameObject": {
    "m_FileID": 0,
    "m_PathID": 0
  },
  "m_Enabled": 1,
  "m_Script": {
    "m_FileID": 0,
    "m_PathID": -3939490112071904993
  },
  "m_Name": "BackstageTalkSet184",
  "backstageTalkSetId": 184,
  "snippets": [
    {
      "talkId": 1,
      "characterIds": [
        11
      ],
      "voiceId": "TalkSet184-1",
      "talkText": "ミッシェル、\nここにいたのね！",
      "lipAnimation": "mouth_normal",
      "fontColorType": 0,
      "fontSizeType": 0,
      "balloonType": 0
    },
    {
      "talkId": 2,
      "characterIds": [
        12
      ],
      "voiceId": "TalkSet184-2",
      "talkText": "探していたよ、子猫ちゃん",
      "lipAnimation": "mouth_normal",
      "fontColorType": 0,
      "fontSizeType": 0,
      "balloonType": 0
    },
    {
      "talkId": 3,
      "characterIds": [
        13
      ],
      "voiceId": "TalkSet184-3",
      "talkText": "けど、今度はみーくんが\nいないよ？",
      "lipAnimation": "mouth_normal",
      "fontColorType": 0,
      "fontSizeType": 0,
      "balloonType": 0
    },
    {
      "talkId": 4,
      "characterIds": [
        15
      ],
      "voiceId": "TalkSet184-4",
      "talkText": "美咲ちゃんは\n急用で帰ったよー",
      "lipAnimation": "",
      "fontColorType": 0,
      "fontSizeType": 0,
      "balloonType": 0
    },
    {
      "talkId": 5,
      "characterIds": [
        13
      ],
      "voiceId": "TalkSet184-5",
      "talkText": "あ！　はぐみ、みーくんに\n用があったんだ",
      "lipAnimation": "mouth_normal",
      "fontColorType": 0,
      "fontSizeType": 0,
      "balloonType": 0
    },
    {
      "talkId": 6,
      "characterIds": [
        15
      ],
      "voiceId": "TalkSet184-6",
      "talkText": "！？",
      "lipAnimation": "",
      "fontColorType": 0,
      "fontSizeType": 0,
      "balloonType": 0
    },
    {
      "talkId": 7,
      "characterIds": [
        14
      ],
      "voiceId": "TalkSet184-7",
      "talkText": "（大変だね、美咲ちゃん）",
      "lipAnimation": "",
      "fontColorType": 0,
      "fontSizeType": 0,
      "balloonType": 2
    }
  ]
}