{
  "m_GameObject": {
    "m_FileID": 0,
    "m_PathID": 0
  },
  "m_Enabled": 1,
  "m_Script": {
    "m_FileID": 0,
    "m_PathID": -657477701292886207
  },
  "m_Name": "BackstageTalkSetTimeline190",
  "m_Version": 0,
  "m_Tracks": [
    {
      "m_FileID": 0,
      "m_PathID": 8005118826318897074
    },
    {
      "m_FileID": 0,
      "m_PathID": -2021435010136031594
    },
    {
      "m_FileID": 0,
      "m_PathID": -5899852646635993785
    },
    {
      "m_FileID": 0,
      "m_PathID": 2617942144562625462
    },
    {
      "m_FileID": 0,
      "m_PathID": 8100958625037028965
    },
    {
      "m_FileID": 0,
      "m_PathID": -4915884472227499470
    },
    {
      "m_FileID": 0,
      "m_PathID": -1422379864182606048
    }
  ],
  "m_FixedDuration": 0.0,
  "m_EditorSettings": {
    "m_Framerate": 60.0,
    "m_ScenePreview": 1
  },
  "m_DurationMode": 0,
  "m_MarkerTrack": {
    "m_FileID": 0,
    "m_PathID": 0
  }
}