{
  "m_GameObject": {
    "m_FileID": 0,
    "m_PathID": 0
  },
  "m_Enabled": 1,
  "m_Script": {
    "m_FileID": 0,
    "m_PathID": -657477701292886207
  },
  "m_Name": "BackstageTalkSetTimeline182",
  "m_Version": 0,
  "m_Tracks": [
    {
      "m_FileID": 0,
      "m_PathID": 5186983470587735584
    },
    {
      "m_FileID": 0,
      "m_PathID": -5981106036895068327
    },
    {
      "m_FileID": 0,
      "m_PathID": -2103517601585552111
    },
    {
      "m_FileID": 0,
      "m_PathID": -6201229029944626299
    },
    {
      "m_FileID": 0,
      "m_PathID": -7811540216310157895
    },
    {
      "m_FileID": 0,
      "m_PathID": -4484842129035318973
    },
    {
      "m_FileID": 0,
      "m_PathID": 721690160577285727
    }
  ],
  "m_FixedDuration": 0.0,
  "m_EditorSettings": {
    "m_Framerate": 60.0,
    "m_ScenePreview": 1
  },
  "m_DurationMode": 0,
  "m_MarkerTrack": {
    "m_FileID": 0,
    "m_PathID": 0
  }
}