{
  "m_GameObject": {
    "m_FileID": 0,
    "m_PathID": 0
  },
  "m_Enabled": 1,
  "m_Script": {
    "m_FileID": 0,
    "m_PathID": -3939490112071904993
  },
  "m_Name": "BackstageTalkSet28",
  "backstageTalkSetId": 28,
  "snippets": [
    {
      "talkId": 1,
      "characterIds": [
        11
      ],
      "voiceId": "TalkSet28-1",
      "talkText": "今日はパーティがあるの！\n一緒に行きましょ！",
      "lipAnimation": "mouth_normal",
      "fontColorType": 0,
      "fontSizeType": 0,
      "balloonType": 0
    },
    {
      "talkId": 2,
      "characterIds": [
        15
      ],
      "voiceId": "TalkSet28-2",
      "talkText": "ま、また今度ね～",
      "lipAnimation": "",
      "fontColorType": 0,
      "fontSizeType": 0,
      "balloonType": 0
    },
    {
      "talkId": 3,
      "characterIds": [
        15
      ],
      "voiceId": "TalkSet28-3",
      "talkText": "（さすがにこの格好じゃ\n目立ちすぎでしょ……）",
      "lipAnimation": "",
      "fontColorType": 0,
      "fontSizeType": 0,
      "balloonType": 2
    }
  ]
}