{
  "m_GameObject": {
    "m_FileID": 0,
    "m_PathID": 0
  },
  "m_Enabled": 1,
  "m_Script": {
    "m_FileID": 0,
    "m_PathID": -3939490112071904993
  },
  "m_Name": "BackstageTalkSet23",
  "backstageTalkSetId": 23,
  "snippets": [
    {
      "talkId": 1,
      "characterIds": [
        18
      ],
      "voiceId": "TalkSet23-1",
      "talkText": "たえちゃんは普段\n何をして遊ぶの？",
      "lipAnimation": "mouth_normal",
      "fontColorType": 0,
      "fontSizeType": 0,
      "balloonType": 0
    },
    {
      "talkId": 2,
      "characterIds": [
        2
      ],
      "voiceId": "TalkSet23-2",
      "talkText": "そうですね、\nうさぎと遊んだりします",
      "lipAnimation": "mouth_normal",
      "fontColorType": 0,
      "fontSizeType": 0,
      "balloonType": 0
    }
  ]
}