{
  "m_GameObject": {
    "m_FileID": 0,
    "m_PathID": 0
  },
  "m_Enabled": 1,
  "m_Script": {
    "m_FileID": 0,
    "m_PathID": -657477701292886207
  },
  "m_Name": "BackstageTalkSetTimeline24",
  "m_Version": 0,
  "m_Tracks": [
    {
      "m_FileID": 0,
      "m_PathID": 3448022991594925839
    },
    {
      "m_FileID": 0,
      "m_PathID": -4186563222278677142
    },
    {
      "m_FileID": 0,
      "m_PathID": -7528706676087710846
    },
    {
      "m_FileID": 0,
      "m_PathID": -2518460705920033305
    },
    {
      "m_FileID": 0,
      "m_PathID": -115543845370567276
    }
  ],
  "m_FixedDuration": 0.0,
  "m_EditorSettings": {
    "m_Framerate": 60.0,
    "m_ScenePreview": 1
  },
  "m_DurationMode": 0,
  "m_MarkerTrack": {
    "m_FileID": 0,
    "m_PathID": 0
  }
}