{
  "m_GameObject": {
    "m_FileID": 0,
    "m_PathID": 0
  },
  "m_Enabled": 1,
  "m_Script": {
    "m_FileID": 0,
    "m_PathID": -3939490112071904993
  },
  "m_Name": "BackstageTalkSet22",
  "backstageTalkSetId": 22,
  "snippets": [
    {
      "talkId": 1,
      "characterIds": [
        2
      ],
      "voiceId": "TalkSet22-1",
      "talkText": "千聖先輩のリボンって、\nうさぎに似てますよね",
      "lipAnimation": "mouth_normal",
      "fontColorType": 0,
      "fontSizeType": 0,
      "balloonType": 0
    },
    {
      "talkId": 2,
      "characterIds": [
        18
      ],
      "voiceId": "TalkSet22-2",
      "talkText": "………………え？",
      "lipAnimation": "mouth_normal",
      "fontColorType": 0,
      "fontSizeType": 0,
      "balloonType": 0
    }
  ]
}