{
  "m_GameObject": {
    "m_FileID": 0,
    "m_PathID": 0
  },
  "m_Enabled": 1,
  "m_Script": {
    "m_FileID": 0,
    "m_PathID": -3939490112071904993
  },
  "m_Name": "BackstageTalkSet10",
  "backstageTalkSetId": 10,
  "snippets": [
    {
      "talkId": 1,
      "characterIds": [
        11
      ],
      "voiceId": "TalkSet10-1",
      "talkText": "とっても楽しいことを\n思いついたわ！",
      "lipAnimation": "mouth_normal",
      "fontColorType": 0,
      "fontSizeType": 0,
      "balloonType": 0
    },
    {
      "talkId": 2,
      "characterIds": [
        11
      ],
      "voiceId": "TalkSet10-2",
      "talkText": "今度のライブはみんな\n風船を服につけるの！",
      "lipAnimation": "mouth_normal",
      "fontColorType": 0,
      "fontSizeType": 0,
      "balloonType": 0
    },
    {
      "talkId": 3,
      "characterIds": [
        11
      ],
      "voiceId": "TalkSet10-3",
      "talkText": "空を飛びながらライブを\nしたら、とっても……",
      "lipAnimation": "mouth_normal",
      "fontColorType": 0,
      "fontSizeType": 0,
      "balloonType": 0
    },
    {
      "talkId": 4,
      "characterIds": [
        15
      ],
      "voiceId": "TalkSet10-4",
      "talkText": "それ、天井に\n引っかからない？",
      "lipAnimation": "mouth_normal",
      "fontColorType": 0,
      "fontSizeType": 0,
      "balloonType": 0
    }
  ]
}