{
  "m_GameObject": {
    "m_FileID": 0,
    "m_PathID": 0
  },
  "m_Enabled": 1,
  "m_Script": {
    "m_FileID": 0,
    "m_PathID": -3939490112071904993
  },
  "m_Name": "BackstageTalkSet9",
  "backstageTalkSetId": 9,
  "snippets": [
    {
      "talkId": 1,
      "characterIds": [
        22
      ],
      "voiceId": "TalkSet9-1",
      "talkText": "羽沢さん、お菓子教室は\nもう開かないんですか？",
      "lipAnimation": "mouth_normal",
      "fontColorType": 0,
      "fontSizeType": 0,
      "balloonType": 0
    },
    {
      "talkId": 2,
      "characterIds": [
        10
      ],
      "voiceId": "TalkSet9-2",
      "talkText": "機会があればやってみたい\nと思ってますけど……",
      "lipAnimation": "mouth_normal",
      "fontColorType": 0,
      "fontSizeType": 0,
      "balloonType": 0
    },
    {
      "talkId": 3,
      "characterIds": [
        22
      ],
      "voiceId": "TalkSet9-3",
      "talkText": "また開く時は、\n教えてくださいね",
      "lipAnimation": "mouth_normal",
      "fontColorType": 0,
      "fontSizeType": 0,
      "balloonType": 0
    }
  ]
}