{
  "m_GameObject": {
    "m_FileID": 0,
    "m_PathID": 0
  },
  "m_Enabled": 1,
  "m_Script": {
    "m_FileID": 0,
    "m_PathID": -3939490112071904993
  },
  "m_Name": "BackstageTalkSet8",
  "backstageTalkSetId": 8,
  "snippets": [
    {
      "talkId": 1,
      "characterIds": [
        17
      ],
      "voiceId": "TalkSet8-1",
      "talkText": "彩ちゃんはいーなー",
      "lipAnimation": "mouth_normal",
      "fontColorType": 0,
      "fontSizeType": 0,
      "balloonType": 0
    },
    {
      "talkId": 2,
      "characterIds": [
        16
      ],
      "voiceId": "TalkSet8-2",
      "talkText": "え？　何が？",
      "lipAnimation": "mouth_normal",
      "fontColorType": 0,
      "fontSizeType": 0,
      "balloonType": 0
    },
    {
      "talkId": 3,
      "characterIds": [
        17
      ],
      "voiceId": "TalkSet8-3",
      "talkText": "だって、おねーちゃんと\n同じ学校だもん！",
      "lipAnimation": "mouth_normal",
      "fontColorType": 0,
      "fontSizeType": 0,
      "balloonType": 0
    }
  ]
}