{
  "m_GameObject": {
    "m_FileID": 0,
    "m_PathID": 0
  },
  "m_Enabled": 1,
  "m_Script": {
    "m_FileID": 0,
    "m_PathID": -3939490112071904993
  },
  "m_Name": "BackstageTalkSet6",
  "backstageTalkSetId": 6,
  "snippets": [
    {
      "talkId": 1,
      "characterIds": [
        6
      ],
      "voiceId": "TalkSet6-1",
      "talkText": "で、\nどこに行くか決まった？",
      "lipAnimation": "mouth_normal",
      "fontColorType": 0,
      "fontSizeType": 0,
      "balloonType": 0
    },
    {
      "talkId": 2,
      "characterIds": [
        8
      ],
      "voiceId": "TalkSet6-2",
      "talkText": "う〜ん……\nあ、そうだ！",
      "lipAnimation": "mouth_shout",
      "fontColorType": 0,
      "fontSizeType": 2,
      "balloonType": 1
    },
    {
      "talkId": 3,
      "characterIds": [
        6
      ],
      "voiceId": "TalkSet6-3",
      "talkText": "声、大きいってば",
      "lipAnimation": "mouth_normal",
      "fontColorType": 0,
      "fontSizeType": 0,
      "balloonType": 0
    },
    {
      "talkId": 4,
      "characterIds": [
        8
      ],
      "voiceId": "TalkSet6-4",
      "talkText": "パンケーキ\n食べに行こうっ！",
      "lipAnimation": "mouth_normal",
      "fontColorType": 0,
      "fontSizeType": 0,
      "balloonType": 0
    }
  ]
}