{
  "m_GameObject": {
    "m_FileID": 0,
    "m_PathID": 0
  },
  "m_Enabled": 1,
  "m_Script": {
    "m_FileID": 0,
    "m_PathID": -3939490112071904993
  },
  "m_Name": "BackstageTalkSet128",
  "backstageTalkSetId": 128,
  "snippets": [
    {
      "talkId": 1,
      "characterIds": [
        3
      ],
      "voiceId": "TalkSet128-1",
      "talkText": "美咲ちゃん、\n作曲の調子どう……？",
      "lipAnimation": "mouth_normal",
      "fontColorType": 0,
      "fontSizeType": 0,
      "balloonType": 0
    },
    {
      "talkId": 2,
      "characterIds": [
        15
      ],
      "voiceId": "TalkSet128-2",
      "talkText": "聞かないで……",
      "lipAnimation": "mouth_normal",
      "fontColorType": 0,
      "fontSizeType": 0,
      "balloonType": 0
    }
  ]
}