{
  "m_GameObject": {
    "m_FileID": 0,
    "m_PathID": 0
  },
  "m_Enabled": 1,
  "m_Script": {
    "m_FileID": 0,
    "m_PathID": -3939490112071904993
  },
  "m_Name": "BackstageTalkSet126",
  "backstageTalkSetId": 126,
  "snippets": [
    {
      "talkId": 1,
      "characterIds": [
        20
      ],
      "voiceId": "TalkSet126-1",
      "talkText": "私、リミさんの関西弁が\n大好きです！",
      "lipAnimation": "mouth_normal",
      "fontColorType": 0,
      "fontSizeType": 0,
      "balloonType": 0
    },
    {
      "talkId": 2,
      "characterIds": [
        3
      ],
      "voiceId": "TalkSet126-2",
      "talkText": "めっちゃ恥ずかしい〜！",
      "lipAnimation": "mouth_normal",
      "fontColorType": 0,
      "fontSizeType": 0,
      "balloonType": 0
    }
  ]
}