{
  "m_GameObject": {
    "m_FileID": 0,
    "m_PathID": 0
  },
  "m_Enabled": 1,
  "m_Script": {
    "m_FileID": 0,
    "m_PathID": -3939490112071904993
  },
  "m_Name": "BackstageTalkSet124",
  "backstageTalkSetId": 124,
  "snippets": [
    {
      "talkId": 1,
      "characterIds": [
        18
      ],
      "voiceId": "TalkSet124-1",
      "talkText": "イヴちゃんは、\nよくお店に来ているの？",
      "lipAnimation": "mouth_normal",
      "fontColorType": 0,
      "fontSizeType": 0,
      "balloonType": 0
    },
    {
      "talkId": 2,
      "characterIds": [
        5
      ],
      "voiceId": "TalkSet124-2",
      "talkText": "週に一度は必ず",
      "lipAnimation": "mouth_normal",
      "fontColorType": 0,
      "fontSizeType": 0,
      "balloonType": 0
    },
    {
      "talkId": 3,
      "characterIds": [
        18
      ],
      "voiceId": "TalkSet124-3",
      "talkText": "ふふ。\n流星堂が大好きなのね",
      "lipAnimation": "mouth_normal",
      "fontColorType": 0,
      "fontSizeType": 0,
      "balloonType": 0
    }
  ]
}