{
  "m_GameObject": {
    "m_FileID": 0,
    "m_PathID": 0
  },
  "m_Enabled": 1,
  "m_Script": {
    "m_FileID": 0,
    "m_PathID": -3939490112071904993
  },
  "m_Name": "BackstageTalkSet121",
  "backstageTalkSetId": 121,
  "snippets": [
    {
      "talkId": 1,
      "characterIds": [
        5
      ],
      "voiceId": "TalkSet121-1",
      "talkText": "確かコンビニで\nバイトしてるんだよね？",
      "lipAnimation": "mouth_normal",
      "fontColorType": 0,
      "fontSizeType": 0,
      "balloonType": 0
    },
    {
      "talkId": 2,
      "characterIds": [
        7
      ],
      "voiceId": "TalkSet121-2",
      "talkText": "そーそー。\nえらいなあ、あたし",
      "lipAnimation": "mouth_normal",
      "fontColorType": 0,
      "fontSizeType": 0,
      "balloonType": 0
    }
  ]
}