{
  "m_GameObject": {
    "m_FileID": 0,
    "m_PathID": 0
  },
  "m_Enabled": 1,
  "m_Script": {
    "m_FileID": 0,
    "m_PathID": -3939490112071904993
  },
  "m_Name": "BackstageTalkSet127",
  "backstageTalkSetId": 127,
  "snippets": [
    {
      "talkId": 1,
      "characterIds": [
        15
      ],
      "voiceId": "TalkSet127-1",
      "talkText": "ミッシェルだよー。\n抱きついちゃダメだよー",
      "lipAnimation": "",
      "fontColorType": 0,
      "fontSizeType": 0,
      "balloonType": 0
    },
    {
      "talkId": 2,
      "characterIds": [
        3
      ],
      "voiceId": "TalkSet127-2",
      "talkText": "も、もう抱きつかないよ！",
      "lipAnimation": "mouth_normal",
      "fontColorType": 0,
      "fontSizeType": 0,
      "balloonType": 0
    }
  ]
}