{
  "m_GameObject": {
    "m_FileID": 0,
    "m_PathID": 0
  },
  "m_Enabled": 1,
  "m_Script": {
    "m_FileID": 0,
    "m_PathID": -3939490112071904993
  },
  "m_Name": "BackstageTalkSet125",
  "backstageTalkSetId": 125,
  "snippets": [
    {
      "talkId": 1,
      "characterIds": [
        3
      ],
      "voiceId": "TalkSet125-1",
      "talkText": "イヴちゃんが\n載ってる雑誌読んだよ！",
      "lipAnimation": "mouth_normal",
      "fontColorType": 0,
      "fontSizeType": 0,
      "balloonType": 0
    },
    {
      "talkId": 2,
      "characterIds": [
        20
      ],
      "voiceId": "TalkSet125-2",
      "talkText": "とっても光栄です！",
      "lipAnimation": "mouth_normal",
      "fontColorType": 0,
      "fontSizeType": 0,
      "balloonType": 0
    }
  ]
}