{
  "m_GameObject": {
    "m_FileID": 0,
    "m_PathID": 0
  },
  "m_Enabled": 1,
  "m_Script": {
    "m_FileID": 0,
    "m_PathID": -3939490112071904993
  },
  "m_Name": "BackstageTalkSet269",
  "backstageTalkSetId": 269,
  "snippets": [
    {
      "talkId": 1,
      "characterIds": [
        9
      ],
      "voiceId": "TalkSet269-1",
      "talkText": "今度商店街で、\nお祭りをやるんだ",
      "lipAnimation": "mouth_normal",
      "fontColorType": 0,
      "fontSizeType": 0,
      "balloonType": 0
    },
    {
      "talkId": 2,
      "characterIds": [
        11
      ],
      "voiceId": "TalkSet269-2",
      "talkText": "お祭り！？\nとっても楽しそうね！",
      "lipAnimation": "mouth_normal",
      "fontColorType": 0,
      "fontSizeType": 2,
      "balloonType": 0
    },
    {
      "talkId": 3,
      "characterIds": [
        11
      ],
      "voiceId": "TalkSet269-3",
      "talkText": "あたしも絶対\n遊びに行くわ！",
      "lipAnimation": "mouth_normal",
      "fontColorType": 0,
      "fontSizeType": 0,
      "balloonType": 0
    },
    {
      "talkId": 4,
      "characterIds": [
        9
      ],
      "voiceId": "TalkSet269-4",
      "talkText": "ああ、ぜひ来てくれ！",
      "lipAnimation": "mouth_normal",
      "fontColorType": 0,
      "fontSizeType": 0,
      "balloonType": 0
    }
  ]
}