{
  "m_GameObject": {
    "m_FileID": 0,
    "m_PathID": 0
  },
  "m_Enabled": 1,
  "m_Script": {
    "m_FileID": 0,
    "m_PathID": -657477701292886207
  },
  "m_Name": "BackstageTalkSetTimeline266",
  "m_Version": 0,
  "m_Tracks": [
    {
      "m_FileID": 0,
      "m_PathID": 4678280590386077191
    },
    {
      "m_FileID": 0,
      "m_PathID": 1060142265399427017
    },
    {
      "m_FileID": 0,
      "m_PathID": -8164581329145820641
    },
    {
      "m_FileID": 0,
      "m_PathID": 798014186871042952
    },
    {
      "m_FileID": 0,
      "m_PathID": -379015371405872330
    }
  ],
  "m_FixedDuration": 0.0,
  "m_EditorSettings": {
    "m_Framerate": 60.0,
    "m_ScenePreview": 1
  },
  "m_DurationMode": 0,
  "m_MarkerTrack": {
    "m_FileID": 0,
    "m_PathID": 0
  }
}