{
  "m_GameObject": {
    "m_FileID": 0,
    "m_PathID": 0
  },
  "m_Enabled": 1,
  "m_Script": {
    "m_FileID": 0,
    "m_PathID": -3939490112071904993
  },
  "m_Name": "BackstageTalkSet270",
  "backstageTalkSetId": 270,
  "snippets": [
    {
      "talkId": 1,
      "characterIds": [
        11
      ],
      "voiceId": "TalkSet270-1",
      "talkText": "お祭り、\nとっても楽しかったわ！",
      "lipAnimation": "mouth_normal",
      "fontColorType": 0,
      "fontSizeType": 2,
      "balloonType": 0
    },
    {
      "talkId": 2,
      "characterIds": [
        11
      ],
      "voiceId": "TalkSet270-2",
      "talkText": "巴の和太鼓も\nすごい迫力だったわね！",
      "lipAnimation": "mouth_normal",
      "fontColorType": 0,
      "fontSizeType": 0,
      "balloonType": 0
    },
    {
      "talkId": 3,
      "characterIds": [
        9
      ],
      "voiceId": "TalkSet270-3",
      "talkText": "今度またこころも一緒に\n和太鼓やろうぜ！",
      "lipAnimation": "mouth_normal",
      "fontColorType": 0,
      "fontSizeType": 0,
      "balloonType": 0
    }
  ]
}